[10:28:18.892] [DIAG-PF] CAN ID=0x14ECFF01 PF=0xEC (TP.DT=0xEB)
[10:28:18.892] [10:28:18.892] <<< CAN RX [EXT] ID=0x14ECFF01  Data: 11 01 6B FF 00 00 E0 00  (#106081)
[10:28:18.895] [DIAG-PF] CAN ID=0x14ECFF01 PF=0xEC (TP.DT=0xEB)
[10:28:18.896] [10:28:18.896] <<< CAN RX [EXT] ID=0x14ECFF01  Data: 11 01 6C FF 00 00 E0 00  (#106083)
[10:28:18.897] [DIAG-PF] CAN ID=0x14ECFF01 PF=0xEC (TP.DT=0xEB)
[10:28:18.897] [10:28:18.897] <<< CAN RX [EXT] ID=0x14ECFF01  Data: 11 01 6D FF 00 00 E0 00  (#106085)
[10:28:18.899] [DIAG-PF] CAN ID=0x14ECFF01 PF=0xEC (TP.DT=0xEB)
[10:28:18.899] [10:28:18.899] <<< CAN RX [EXT] ID=0x14ECFF01  Data: 11 01 6E FF 00 00 E0 00  (#106087)
[10:28:18.900] [DIAG-PF] CAN ID=0x14ECFF01 PF=0xEC (TP.DT=0xEB)
[10:28:18.900] [10:28:18.900] <<< CAN RX [EXT] ID=0x14ECFF01  Data: 11 01 6F FF 00 00 E0 00  (#106089)
[10:28:18.902] [DIAG-PF] CAN ID=0x14ECFF01 PF=0xEC (TP.DT=0xEB)
[10:28:18.902] [10:28:18.902] <<< CAN RX [EXT] ID=0x14ECFF01  Data: 11 01 70 FF 00 00 E0 00  (#106091)
[10:28:18.903] [DIAG-PF] CAN ID=0x14ECFF01 PF=0xEC (TP.DT=0xEB)
[10:28:18.903] [10:28:18.903] <<< CAN RX [EXT] ID=0x14ECFF01  Data: 11 01 71 FF 00 00 E0 00  (#106093)
[10:28:18.904] [DIAG-PF] CAN ID=0x14ECFF01 PF=0xEC (TP.DT=0xEB)
[10:28:18.904] [10:28:18.904] <<< CAN RX [EXT] ID=0x14ECFF01  Data: 11 01 72 FF 00 00 E0 00  (#106095)
[10:28:18.905] [DIAG-PF] CAN ID=0x14ECFF01 PF=0xEC (TP.DT=0xEB)
[10:28:18.905] [10:28:18.905] <<< CAN RX [EXT] ID=0x14ECFF01  Data: 11 01 73 FF 00 00 E0 00  (#106097)
[10:28:18.906] [DIAG-PF] CAN ID=0x14ECFF01 PF=0xEC (TP.DT=0xEB)
[10:28:18.906] [10:28:18.906] <<< CAN RX [EXT] ID=0x14ECFF01  Data: 11 01 74 FF 00 00 E0 00  (#106099)
[10:28:18.907] [DIAG-PF] CAN ID=0x14ECFF01 PF=0xEC (TP.DT=0xEB)
[10:28:18.907] [10:28:18.907] <<< CAN RX [EXT] ID=0x14ECFF01  Data: 11 01 75 FF 00 00 E0 00  (#106101)
[10:28:18.908] [DIAG] _append_log rx_text约53069行, CAN计数=106101
[10:28:18.909] [DIAG-PF] CAN ID=0x14ECFF01 PF=0xEC (TP.DT=0xEB)
[10:28:18.909] [10:28:18.909] <<< CAN RX [EXT] ID=0x14ECFF01  Data: 11 01 76 FF 00 00 E0 00  (#106103)
[10:28:18.910] [DIAG-PF] CAN ID=0x14ECFF01 PF=0xEC (TP.DT=0xEB)
[10:28:18.910] [10:28:18.910] <<< CAN RX [EXT] ID=0x14ECFF01  Data: 11 01 77 FF 00 00 E0 00  (#106105)
[10:28:18.911] [DIAG-PF] CAN ID=0x14ECFF01 PF=0xEC (TP.DT=0xEB)
[10:28:18.911] [10:28:18.911] <<< CAN RX [EXT] ID=0x14ECFF01  Data: 11 01 78 FF 00 00 E0 00  (#106107)
[10:28:18.912] [DIAG-PF] CAN ID=0x14ECFF01 PF=0xEC (TP.DT=0xEB)
[10:28:18.912] [10:28:18.912] <<< CAN RX [EXT] ID=0x14ECFF01  Data: 11 01 79 FF 00 00 E0 00  (#106109)
[10:28:18.913] [DIAG-PF] CAN ID=0x14ECFF01 PF=0xEC (TP.DT=0xEB)
[10:28:18.913] [10:28:18.913] <<< CAN RX [EXT] ID=0x14ECFF01  Data: 11 01 7A FF 00 00 E0 00  (#106111)
[10:28:18.914] [DIAG-PF] CAN ID=0x14ECFF01 PF=0xEC (TP.DT=0xEB)
[10:28:18.915] [10:28:18.914] <<< CAN RX [EXT] ID=0x14ECFF01  Data: 11 01 7B FF 00 00 E0 00  (#106113)
[10:28:18.915] [DIAG-PF] CAN ID=0x14ECFF01 PF=0xEC (TP.DT=0xEB)
[10:28:18.916] [10:28:18.916] <<< CAN RX [EXT] ID=0x14ECFF01  Data: 11 01 7C FF 00 00 E0 00  (#106115)
[10:28:18.917] [DIAG-PF] CAN ID=0x14ECFF01 PF=0xEC (TP.DT=0xEB)
[10:28:18.918] [10:28:18.918] <<< CAN RX [EXT] ID=0x14ECFF01  Data: 11 01 7D FF 00 00 E0 00  (#106117)
[10:28:18.919] [DIAG-PF] CAN ID=0x14ECFF01 PF=0xEC (TP.DT=0xEB)
[10:28:18.919] [10:28:18.919] <<< CAN RX [EXT] ID=0x14ECFF01  Data: 11 01 7E FF 00 00 E0 00  (#106119)
[10:28:18.921] [DIAG-PF] CAN ID=0x14ECFF01 PF=0xEC (TP.DT=0xEB)
[10:28:18.921] [10:28:18.921] <<< CAN RX [EXT] ID=0x14ECFF01  Data: 11 01 7F FF 00 00 E0 00  (#106121)
[10:28:18.922] [DIAG-PF] CAN ID=0x14ECFF01 PF=0xEC (TP.DT=0xEB)
[10:28:18.922] [10:28:18.922] <<< CAN RX [EXT] ID=0x14ECFF01  Data: 11 01 80 FF 00 00 E0 00  (#106123)
[10:28:18.923] [DIAG-PF] CAN ID=0x14ECFF01 PF=0xEC (TP.DT=0xEB)
[10:28:18.923] [10:28:18.923] <<< CAN RX [EXT] ID=0x14ECFF01  Data: 11 01 81 FF 00 00 E0 00  (#106125)
[10:28:18.924] [DIAG-PF] CAN ID=0x14ECFF01 PF=0xEC (TP.DT=0xEB)
[10:28:18.924] [10:28:18.924] <<< CAN RX [EXT] ID=0x14ECFF01  Data: 11 01 82 FF 00 00 E0 00  (#106127)
[10:28:18.926] [DIAG-PF] CAN ID=0x14ECFF01 PF=0xEC (TP.DT=0xEB)
[10:28:18.926] [10:28:18.926] <<< CAN RX [EXT] ID=0x14ECFF01  Data: 11 01 83 FF 00 00 E0 00  (#106129)
[10:28:18.927] [DIAG-PF] CAN ID=0x14ECFF01 PF=0xEC (TP.DT=0xEB)
[10:28:18.928] [10:28:18.927] <<< CAN RX [EXT] ID=0x14ECFF01  Data: 11 01 84 FF 00 00 E0 00  (#106131)
[10:28:18.928] [DIAG-PF] CAN ID=0x14ECFF01 PF=0xEC (TP.DT=0xEB)
[10:28:18.929] [10:28:18.929] <<< CAN RX [EXT] ID=0x14ECFF01  Data: 11 01 85 FF 00 00 E0 00  (#106133)
[10:28:18.933] [DIAG-PF] CAN ID=0x14ECFF01 PF=0xEC (TP.DT=0xEB)
[10:28:18.933] [10:28:18.933] <<< CAN RX [EXT] ID=0x14ECFF01  Data: 11 01 86 FF 00 00 E0 00  (#106135)
[10:28:18.934] [DIAG-PF] CAN ID=0x14ECFF01 PF=0xEC (TP.DT=0xEB)
[10:28:18.934] [10:28:18.934] <<< CAN RX [EXT] ID=0x14ECFF01  Data: 11 01 87 FF 00 00 E0 00  (#106137)
[10:28:18.935] [DIAG-PF] CAN ID=0x14ECFF01 PF=0xEC (TP.DT=0xEB)
[10:28:18.935] [10:28:18.935] <<< CAN RX [EXT] ID=0x14ECFF01  Data: 11 01 88 FF 00 00 E0 00  (#106139)
[10:28:18.937] [DIAG-PF] CAN ID=0x14ECFF01 PF=0xEC (TP.DT=0xEB)
[10:28:18.938] [10:28:18.938] <<< CAN RX [EXT] ID=0x14ECFF01  Data: 11 01 89 FF 00 00 E0 00  (#106141)
[10:28:18.939] [DIAG-PF] CAN ID=0x14ECFF01 PF=0xEC (TP.DT=0xEB)
[10:28:18.940] [10:28:18.940] <<< CAN RX [EXT] ID=0x14ECFF01  Data: 11 01 8A FF 00 00 E0 00  (#106143)
[10:28:18.941] [DIAG-PF] CAN ID=0x14ECFF01 PF=0xEC (TP.DT=0xEB)
[10:28:18.941] [10:28:18.941] <<< CAN RX [EXT] ID=0x14ECFF01  Data: 11 01 8B FF 00 00 E0 00  (#106145)
[10:28:18.942] [DIAG-PF] CAN ID=0x14ECFF01 PF=0xEC (TP.DT=0xEB)
[10:28:18.942] [10:28:18.942] <<< CAN RX [EXT] ID=0x14ECFF01  Data: 11 01 8C FF 00 00 E0 00  (#106147)
[10:28:18.943] [DIAG-PF] CAN ID=0x14ECFF01 PF=0xEC (TP.DT=0xEB)
[10:28:18.943] [10:28:18.943] <<< CAN RX [EXT] ID=0x14ECFF01  Data: 11 01 8D FF 00 00 E0 00  (#106149)
[10:28:18.945] [DIAG-PF] CAN ID=0x14ECFF01 PF=0xEC (TP.DT=0xEB)
[10:28:18.946] [10:28:18.945] <<< CAN RX [EXT] ID=0x14ECFF01  Data: 11 01 8E FF 00 00 E0 00  (#106151)
[10:28:18.946] [DIAG] _append_log rx_text约53094行, CAN计数=106151
[10:28:18.947] [DIAG-PF] CAN ID=0x14ECFF01 PF=0xEC (TP.DT=0xEB)
[10:28:18.947] [10:28:18.947] <<< CAN RX [EXT] ID=0x14ECFF01  Data: 11 01 8F FF 00 00 E0 00  (#106153)
[10:28:18.949] [DIAG-PF] CAN ID=0x14ECFF01 PF=0xEC (TP.DT=0xEB)
[10:28:18.949] [10:28:18.949] <<< CAN RX [EXT] ID=0x14ECFF01  Data: 11 01 90 FF 00 00 E0 00  (#106155)
[10:28:18.950] [DIAG-PF] CAN ID=0x14ECFF01 PF=0xEC (TP.DT=0xEB)
[10:28:18.950] [10:28:18.950] <<< CAN RX [EXT] ID=0x14ECFF01  Data: 11 01 91 FF 00 00 E0 00  (#106157)
[10:28:18.951] [DIAG-PF] CAN ID=0x14ECFF01 PF=0xEC (TP.DT=0xEB)
[10:28:18.951] [10:28:18.951] <<< CAN RX [EXT] ID=0x14ECFF01  Data: 11 01 92 FF 00 00 E0 00  (#106159)
[10:28:18.953] [DIAG-PF] CAN ID=0x14ECFF01 PF=0xEC (TP.DT=0xEB)
[10:28:18.954] [10:28:18.953] <<< CAN RX [EXT] ID=0x14ECFF01  Data: 11 01 93 FF 00 00 E0 00  (#106160)
[10:28:18.969] [DIAG-PF] CAN ID=0x14ECFF01 PF=0xEC (TP.DT=0xEB)
[10:28:18.969] [10:28:18.969] <<< CAN RX [EXT] ID=0x14ECFF01  Data: 13 00 04 93 00 00 E0 00  (#106162)
[10:28:18.971] [DIAG-PF] CAN ID=0x14ECFF01 PF=0xEC (TP.DT=0xEB)
[10:28:18.971] [10:28:18.971] <<< CAN RX [EXT] ID=0x14ECFF01  Data: 11 01 01 FF 00 00 E0 00  (#106165)
[10:28:18.972] [DIAG-PF] CAN ID=0x14ECFF01 PF=0xEC (TP.DT=0xEB)
[10:28:18.972] [10:28:18.972] <<< CAN RX [EXT] ID=0x14ECFF01  Data: 11 01 02 FF 00 00 E0 00  (#106166)
[10:28:18.973] [DIAG-PF] CAN ID=0x14ECFF01 PF=0xEC (TP.DT=0xEB)
[10:28:18.973] [10:28:18.973] <<< CAN RX [EXT] ID=0x14ECFF01  Data: 11 01 03 FF 00 00 E0 00  (#106168)
[10:28:18.975] [DIAG-PF] CAN ID=0x14ECFF01 PF=0xEC (TP.DT=0xEB)
[10:28:18.976] [10:28:18.976] <<< CAN RX [EXT] ID=0x14ECFF01  Data: 11 01 04 FF 00 00 E0 00  (#106171)
[10:28:18.977] [DIAG-PF] CAN ID=0x14ECFF01 PF=0xEC (TP.DT=0xEB)
[10:28:18.977] [10:28:18.977] <<< CAN RX [EXT] ID=0x14ECFF01  Data: 11 01 05 FF 00 00 E0 00  (#106172)
[10:28:18.978] [DIAG-PF] CAN ID=0x14ECFF01 PF=0xEC (TP.DT=0xEB)
[10:28:18.978] [10:28:18.978] <<< CAN RX [EXT] ID=0x14ECFF01  Data: 11 01 06 FF 00 00 E0 00  (#106174)
[10:28:18.979] [DIAG-PF] CAN ID=0x14ECFF01 PF=0xEC (TP.DT=0xEB)
[10:28:18.979] [10:28:18.979] <<< CAN RX [EXT] ID=0x14ECFF01  Data: 11 01 07 FF 00 00 E0 00  (#106176)
[10:28:18.980] [DIAG-PF] CAN ID=0x14ECFF01 PF=0xEC (TP.DT=0xEB)
[10:28:18.980] [10:28:18.980] <<< CAN RX [EXT] ID=0x14ECFF01  Data: 11 01 08 FF 00 00 E0 00  (#106178)
[10:28:18.982] [DIAG-PF] CAN ID=0x14ECFF01 PF=0xEC (TP.DT=0xEB)
[10:28:18.983] [10:28:18.983] <<< CAN RX [EXT] ID=0x14ECFF01  Data: 11 01 09 FF 00 00 E0 00  (#106181)
[10:28:18.984] [DIAG-PF] CAN ID=0x14ECFF01 PF=0xEC (TP.DT=0xEB)
[10:28:18.985] [10:28:18.985] <<< CAN RX [EXT] ID=0x14ECFF01  Data: 11 01 0A FF 00 00 E0 00  (#106183)
[10:28:18.987] [DIAG-PF] CAN ID=0x14ECFF01 PF=0xEC (TP.DT=0xEB)
[10:28:18.987] [10:28:18.987] <<< CAN RX [EXT] ID=0x14ECFF01  Data: 11 01 0B FF 00 00 E0 00  (#106185)
[10:28:18.988] [DIAG-PF] CAN ID=0x14ECFF01 PF=0xEC (TP.DT=0xEB)
[10:28:18.988] [10:28:18.988] <<< CAN RX [EXT] ID=0x14ECFF01  Data: 11 01 0C FF 00 00 E0 00  (#106186)
[10:28:18.989] [DIAG-PF] CAN ID=0x14ECFF01 PF=0xEC (TP.DT=0xEB)
[10:28:18.989] [10:28:18.989] <<< CAN RX [EXT] ID=0x14ECFF01  Data: 11 01 0D FF 00 00 E0 00  (#106188)
[10:28:18.992] [DIAG-PF] CAN ID=0x14ECFF01 PF=0xEC (TP.DT=0xEB)
[10:28:18.992] [10:28:18.992] <<< CAN RX [EXT] ID=0x14ECFF01  Data: 11 01 0E FF 00 00 E0 00  (#106191)
[10:28:18.993] [DIAG-PF] CAN ID=0x14ECFF01 PF=0xEC (TP.DT=0xEB)
[10:28:18.994] [10:28:18.993] <<< CAN RX [EXT] ID=0x14ECFF01  Data: 11 01 0F FF 00 00 E0 00  (#106192)
[10:28:18.995] [DIAG-PF] CAN ID=0x14ECFF01 PF=0xEC (TP.DT=0xEB)
[10:28:18.996] [10:28:18.996] <<< CAN RX [EXT] ID=0x14ECFF01  Data: 11 01 10 FF 00 00 E0 00  (#106195)
[10:28:18.997] [DIAG-PF] CAN ID=0x14ECFF01 PF=0xEC (TP.DT=0xEB)
[10:28:18.997] [10:28:18.997] <<< CAN RX [EXT] ID=0x14ECFF01  Data: 11 01 11 FF 00 00 E0 00  (#106196)
[10:28:18.998] [DIAG-PF] CAN ID=0x14ECFF01 PF=0xEC (TP.DT=0xEB)
[10:28:18.998] [10:28:18.998] <<< CAN RX [EXT] ID=0x14ECFF01  Data: 11 01 12 FF 00 00 E0 00  (#106198)
[10:28:19.000] [DIAG-PF] CAN ID=0x14ECFF01 PF=0xEC (TP.DT=0xEB)
[10:28:19.000] [DIAG] _log_rx called, total RX bytes=1274400, CAN count=106199
[10:28:19.000] [10:28:19.000] <<< CAN RX [EXT] ID=0x14ECFF01  Data: 11 01 13 FF 00 00 E0 00  (#106200)
[10:28:19.000] [DIAG] _append_log rx_text约53119行, CAN计数=106201
[10:28:19.001] [DIAG-PF] CAN ID=0x14ECFF01 PF=0xEC (TP.DT=0xEB)
[10:28:19.001] [10:28:19.001] <<< CAN RX [EXT] ID=0x14ECFF01  Data: 11 01 14 FF 00 00 E0 00  (#106202)
[10:28:19.002] [DIAG-PF] CAN ID=0x14ECFF01 PF=0xEC (TP.DT=0xEB)
[10:28:19.002] [10:28:19.002] <<< CAN RX [EXT] ID=0x14ECFF01  Data: 11 01 15 FF 00 00 E0 00  (#106204)
[10:28:19.004] [DIAG-PF] CAN ID=0x14ECFF01 PF=0xEC (TP.DT=0xEB)
[10:28:19.005] [10:28:19.005] <<< CAN RX [EXT] ID=0x14ECFF01  Data: 11 01 16 FF 00 00 E0 00  (#106207)
[10:28:19.006] [DIAG-PF] CAN ID=0x14ECFF01 PF=0xEC (TP.DT=0xEB)
[10:28:19.007] [10:28:19.007] <<< CAN RX [EXT] ID=0x14ECFF01  Data: 11 01 17 FF 00 00 E0 00  (#106209)
[10:28:19.008] [DIAG-PF] CAN ID=0x14ECFF01 PF=0xEC (TP.DT=0xEB)
[10:28:19.008] [10:28:19.008] <<< CAN RX [EXT] ID=0x14ECFF01  Data: 11 01 18 FF 00 00 E0 00  (#106210)
[10:28:19.010] [DIAG-PF] CAN ID=0x14ECFF01 PF=0xEC (TP.DT=0xEB)
[10:28:19.010] [10:28:19.010] <<< CAN RX [EXT] ID=0x14ECFF01  Data: 11 01 19 FF 00 00 E0 00  (#106212)
[10:28:19.011] [DIAG-PF] CAN ID=0x14ECFF01 PF=0xEC (TP.DT=0xEB)
[10:28:19.011] [10:28:19.011] <<< CAN RX [EXT] ID=0x14ECFF01  Data: 11 01 1A FF 00 00 E0 00  (#106214)
[10:28:19.013] [DIAG-PF] CAN ID=0x14ECFF01 PF=0xEC (TP.DT=0xEB)
[10:28:19.014] [10:28:19.014] <<< CAN RX [EXT] ID=0x14ECFF01  Data: 11 01 1B FF 00 00 E0 00  (#106217)
[10:28:19.015] [DIAG-PF] CAN ID=0x14ECFF01 PF=0xEC (TP.DT=0xEB)
[10:28:19.015] [10:28:19.015] <<< CAN RX [EXT] ID=0x14ECFF01  Data: 11 01 1C FF 00 00 E0 00  (#106218)
[10:28:19.016] [DIAG-PF] CAN ID=0x14ECFF01 PF=0xEC (TP.DT=0xEB)
[10:28:19.016] [10:28:19.016] <<< CAN RX [EXT] ID=0x14ECFF01  Data: 11 01 1D FF 00 00 E0 00  (#106220)
[10:28:19.017] [DIAG-PF] CAN ID=0x14ECFF01 PF=0xEC (TP.DT=0xEB)
[10:28:19.018] [10:28:19.018] <<< CAN RX [EXT] ID=0x14ECFF01  Data: 11 01 1E FF 00 00 E0 00  (#106223)
[10:28:19.019] [DIAG-PF] CAN ID=0x14ECFF01 PF=0xEC (TP.DT=0xEB)
[10:28:19.020] [10:28:19.020] <<< CAN RX [EXT] ID=0x14ECFF01  Data: 11 01 1F FF 00 00 E0 00  (#106225)
[10:28:19.022] [DIAG-PF] CAN ID=0x14ECFF01 PF=0xEC (TP.DT=0xEB)
[10:28:19.022] [10:28:19.022] <<< CAN RX [EXT] ID=0x14ECFF01  Data: 11 01 20 FF 00 00 E0 00  (#106227)
[10:28:19.024] [DIAG-PF] CAN ID=0x14ECFF01 PF=0xEC (TP.DT=0xEB)
[10:28:19.024] [10:28:19.024] <<< CAN RX [EXT] ID=0x14ECFF01  Data: 11 01 21 FF 00 00 E0 00  (#106229)
[10:28:19.025] [DIAG-PF] CAN ID=0x14ECFF01 PF=0xEC (TP.DT=0xEB)
[10:28:19.025] [10:28:19.025] <<< CAN RX [EXT] ID=0x14ECFF01  Data: 11 01 22 FF 00 00 E0 00  (#106230)
[10:28:19.026] [DIAG-PF] CAN ID=0x14ECFF01 PF=0xEC (TP.DT=0xEB)
[10:28:19.026] [10:28:19.026] <<< CAN RX [EXT] ID=0x14ECFF01  Data: 11 01 23 FF 00 00 E0 00  (#106232)
[10:28:19.029] [DIAG-PF] CAN ID=0x14ECFF01 PF=0xEC (TP.DT=0xEB)
[10:28:19.029] [10:28:19.029] <<< CAN RX [EXT] ID=0x14ECFF01  Data: 11 01 24 FF 00 00 E0 00  (#106235)
[10:28:19.031] [DIAG-PF] CAN ID=0x14ECFF01 PF=0xEC (TP.DT=0xEB)
[10:28:19.031] [10:28:19.031] <<< CAN RX [EXT] ID=0x14ECFF01  Data: 11 01 25 FF 00 00 E0 00  (#106237)
[10:28:19.033] [DIAG-PF] CAN ID=0x14ECFF01 PF=0xEC (TP.DT=0xEB)
[10:28:19.033] [10:28:19.033] <<< CAN RX [EXT] ID=0x14ECFF01  Data: 11 01 26 FF 00 00 E0 00  (#106239)
[10:28:19.034] [DIAG-PF] CAN ID=0x14ECFF01 PF=0xEC (TP.DT=0xEB)
[10:28:19.034] [10:28:19.034] <<< CAN RX [EXT] ID=0x14ECFF01  Data: 11 01 27 FF 00 00 E0 00  (#106240)
[10:28:19.035] [DIAG-PF] CAN ID=0x14ECFF01 PF=0xEC (TP.DT=0xEB)
[10:28:19.035] [10:28:19.035] <<< CAN RX [EXT] ID=0x14ECFF01  Data: 11 01 28 FF 00 00 E0 00  (#106242)
[10:28:19.036] [DIAG-PF] CAN ID=0x14ECFF01 PF=0xEC (TP.DT=0xEB)
[10:28:19.036] [10:28:19.036] <<< CAN RX [EXT] ID=0x14ECFF01  Data: 11 01 29 FF 00 00 E0 00  (#106244)
[10:28:19.038] [DIAG-PF] CAN ID=0x14ECFF01 PF=0xEC (TP.DT=0xEB)
[10:28:19.038] [10:28:19.038] <<< CAN RX [EXT] ID=0x14ECFF01  Data: 11 01 2A FF 00 00 E0 00  (#106246)
[10:28:19.039] [DIAG-PF] CAN ID=0x14ECFF01 PF=0xEC (TP.DT=0xEB)
[10:28:19.039] [10:28:19.039] <<< CAN RX [EXT] ID=0x14ECFF01  Data: 11 01 2B FF 00 00 E0 00  (#106248)
[10:28:19.041] [DIAG-PF] CAN ID=0x14ECFF01 PF=0xEC (TP.DT=0xEB)
[10:28:19.041] [10:28:19.041] <<< CAN RX [EXT] ID=0x14ECFF01  Data: 11 01 2C FF 00 00 E0 00  (#106251)
[10:28:19.042] [DIAG] _append_log rx_text约53144行, CAN计数=106251
[10:28:19.043] [DIAG-PF] CAN ID=0x14ECFF01 PF=0xEC (TP.DT=0xEB)
[10:28:19.043] [10:28:19.043] <<< CAN RX [EXT] ID=0x14ECFF01  Data: 11 01 2D FF 00 00 E0 00  (#106252)
[10:28:19.044] [DIAG-PF] CAN ID=0x14ECFF01 PF=0xEC (TP.DT=0xEB)
[10:28:19.044] [10:28:19.044] <<< CAN RX [EXT] ID=0x14ECFF01  Data: 11 01 2E FF 00 00 E0 00  (#106254)
[10:28:19.045] [DIAG-PF] CAN ID=0x14ECFF01 PF=0xEC (TP.DT=0xEB)
[10:28:19.045] [10:28:19.045] <<< CAN RX [EXT] ID=0x14ECFF01  Data: 11 01 2F FF 00 00 E0 00  (#106256)
[10:28:19.047] [DIAG-PF] CAN ID=0x14ECFF01 PF=0xEC (TP.DT=0xEB)
[10:28:19.048] [10:28:19.047] <<< CAN RX [EXT] ID=0x14ECFF01  Data: 11 01 30 FF 00 00 E0 00  (#106259)
[10:28:19.049] [DIAG-PF] CAN ID=0x14ECFF01 PF=0xEC (TP.DT=0xEB)
[10:28:19.049] [10:28:19.049] <<< CAN RX [EXT] ID=0x14ECFF01  Data: 11 01 31 FF 00 00 E0 00  (#106261)
[10:28:19.051] [DIAG-PF] CAN ID=0x14ECFF01 PF=0xEC (TP.DT=0xEB)
[10:28:19.051] [10:28:19.051] <<< CAN RX [EXT] ID=0x14ECFF01  Data: 11 01 32 FF 00 00 E0 00  (#106263)
[10:28:19.053] [DIAG-PF] CAN ID=0x14ECFF01 PF=0xEC (TP.DT=0xEB)
[10:28:19.053] [10:28:19.053] <<< CAN RX [EXT] ID=0x14ECFF01  Data: 11 01 33 FF 00 00 E0 00  (#106264)
[10:28:19.054] [DIAG-PF] CAN ID=0x14ECFF01 PF=0xEC (TP.DT=0xEB)
[10:28:19.055] [10:28:19.055] <<< CAN RX [EXT] ID=0x14ECFF01  Data: 11 01 34 FF 00 00 E0 00  (#106267)
[10:28:19.057] [DIAG-PF] CAN ID=0x14ECFF01 PF=0xEC (TP.DT=0xEB)
[10:28:19.057] [10:28:19.057] <<< CAN RX [EXT] ID=0x14ECFF01  Data: 11 01 35 FF 00 00 E0 00  (#106269)
[10:28:19.059] [DIAG-PF] CAN ID=0x14ECFF01 PF=0xEC (TP.DT=0xEB)
[10:28:19.059] [10:28:19.059] <<< CAN RX [EXT] ID=0x14ECFF01  Data: 11 01 36 FF 00 00 E0 00  (#106270)
[10:28:19.060] [DIAG-PF] CAN ID=0x14ECFF01 PF=0xEC (TP.DT=0xEB)
[10:28:19.060] [10:28:19.060] <<< CAN RX [EXT] ID=0x14ECFF01  Data: 11 01 37 FF 00 00 E0 00  (#106272)
[10:28:19.062] [DIAG-PF] CAN ID=0x14ECFF01 PF=0xEC (TP.DT=0xEB)
[10:28:19.062] [10:28:19.062] <<< CAN RX [EXT] ID=0x14ECFF01  Data: 11 01 38 FF 00 00 E0 00  (#106275)
[10:28:19.063] [DIAG-PF] CAN ID=0x14ECFF01 PF=0xEC (TP.DT=0xEB)
[10:28:19.063] [10:28:19.063] <<< CAN RX [EXT] ID=0x14ECFF01  Data: 11 01 39 FF 00 00 E0 00  (#106276)
[10:28:19.065] [DIAG-PF] CAN ID=0x14ECFF01 PF=0xEC (TP.DT=0xEB)
[10:28:19.065] [10:28:19.065] <<< CAN RX [EXT] ID=0x14ECFF01  Data: 11 01 3A FF 00 00 E0 00  (#106279)
[10:28:19.067] [DIAG-PF] CAN ID=0x14ECFF01 PF=0xEC (TP.DT=0xEB)
[10:28:19.067] [10:28:19.067] <<< CAN RX [EXT] ID=0x14ECFF01  Data: 11 01 3B FF 00 00 E0 00  (#106280)
[10:28:19.069] [DIAG-PF] CAN ID=0x14ECFF01 PF=0xEC (TP.DT=0xEB)
[10:28:19.069] [10:28:19.069] <<< CAN RX [EXT] ID=0x14ECFF01  Data: 11 01 3C FF 00 00 E0 00  (#106283)
[10:28:19.070] [DIAG-PF] CAN ID=0x14ECFF01 PF=0xEC (TP.DT=0xEB)
[10:28:19.071] [10:28:19.070] <<< CAN RX [EXT] ID=0x14ECFF01  Data: 11 01 3D FF 00 00 E0 00  (#106284)
[10:28:19.072] [DIAG-PF] CAN ID=0x14ECFF01 PF=0xEC (TP.DT=0xEB)
[10:28:19.072] [10:28:19.072] <<< CAN RX [EXT] ID=0x14ECFF01  Data: 11 01 3E FF 00 00 E0 00  (#106286)
[10:28:19.073] [DIAG-PF] CAN ID=0x14ECFF01 PF=0xEC (TP.DT=0xEB)
[10:28:19.073] [10:28:19.073] <<< CAN RX [EXT] ID=0x14ECFF01  Data: 11 01 3F FF 00 00 E0 00  (#106288)
[10:28:19.074] [DIAG-PF] CAN ID=0x14ECFF01 PF=0xEC (TP.DT=0xEB)
[10:28:19.075] [10:28:19.074] <<< CAN RX [EXT] ID=0x14ECFF01  Data: 11 01 40 FF 00 00 E0 00  (#106290)
[10:28:19.076] [DIAG-PF] CAN ID=0x14ECFF01 PF=0xEC (TP.DT=0xEB)
[10:28:19.076] [10:28:19.076] <<< CAN RX [EXT] ID=0x14ECFF01  Data: 11 01 41 FF 00 00 E0 00  (#106292)
[10:28:19.077] [DIAG-PF] CAN ID=0x14ECFF01 PF=0xEC (TP.DT=0xEB)
[10:28:19.077] [10:28:19.077] <<< CAN RX [EXT] ID=0x14ECFF01  Data: 11 01 42 FF 00 00 E0 00  (#106294)
[10:28:19.078] [DIAG-PF] CAN ID=0x14ECFF01 PF=0xEC (TP.DT=0xEB)
[10:28:19.078] [10:28:19.078] <<< CAN RX [EXT] ID=0x14ECFF01  Data: 11 01 43 FF 00 00 E0 00  (#106296)
[10:28:19.079] [DIAG-PF] CAN ID=0x14ECFF01 PF=0xEC (TP.DT=0xEB)
[10:28:19.079] [10:28:19.079] <<< CAN RX [EXT] ID=0x14ECFF01  Data: 11 01 44 FF 00 00 E0 00  (#106298)
[10:28:19.080] [DIAG-PF] CAN ID=0x14ECFF01 PF=0xEC (TP.DT=0xEB)
[10:28:19.080] [DIAG] _log_rx called, total RX bytes=1275600, CAN count=106299
[10:28:19.081] [10:28:19.081] <<< CAN RX [EXT] ID=0x14ECFF01  Data: 11 01 45 FF 00 00 E0 00  (#106300)
[10:28:19.081] [DIAG] _append_log rx_text约53169行, CAN计数=106301
[10:28:19.084] [DIAG-PF] CAN ID=0x14ECFF01 PF=0xEC (TP.DT=0xEB)
[10:28:19.084] [10:28:19.084] <<< CAN RX [EXT] ID=0x14ECFF01  Data: 11 01 46 FF 00 00 E0 00  (#106303)
[10:28:19.085] [DIAG-PF] CAN ID=0x14ECFF01 PF=0xEC (TP.DT=0xEB)
[10:28:19.086] [10:28:19.085] <<< CAN RX [EXT] ID=0x14ECFF01  Data: 11 01 47 FF 00 00 E0 00  (#106305)
[10:28:19.087] [DIAG-PF] CAN ID=0x14ECFF01 PF=0xEC (TP.DT=0xEB)
[10:28:19.088] [10:28:19.087] <<< CAN RX [EXT] ID=0x14ECFF01  Data: 11 01 48 FF 00 00 E0 00  (#106307)
[10:28:19.088] [DIAG-PF] CAN ID=0x14ECFF01 PF=0xEC (TP.DT=0xEB)
[10:28:19.089] [10:28:19.088] <<< CAN RX [EXT] ID=0x14ECFF01  Data: 11 01 49 FF 00 00 E0 00  (#106309)
[10:28:19.089] [DIAG-PF] CAN ID=0x14ECFF01 PF=0xEC (TP.DT=0xEB)
[10:28:19.090] [10:28:19.089] <<< CAN RX [EXT] ID=0x14ECFF01  Data: 11 01 4A FF 00 00 E0 00  (#106311)
[10:28:19.090] [DIAG-PF] CAN ID=0x14ECFF01 PF=0xEC (TP.DT=0xEB)
[10:28:19.091] [10:28:19.091] <<< CAN RX [EXT] ID=0x14ECFF01  Data: 11 01 4B FF 00 00 E0 00  (#106313)
[10:28:19.091] [DIAG-PF] CAN ID=0x14ECFF01 PF=0xEC (TP.DT=0xEB)
[10:28:19.092] [10:28:19.092] <<< CAN RX [EXT] ID=0x14ECFF01  Data: 11 01 4C FF 00 00 E0 00  (#106315)
[10:28:19.093] [DIAG-PF] CAN ID=0x14ECFF01 PF=0xEC (TP.DT=0xEB)
[10:28:19.093] [10:28:19.093] <<< CAN RX [EXT] ID=0x14ECFF01  Data: 11 01 4D FF 00 00 E0 00  (#106317)
[10:28:19.094] [DIAG-PF] CAN ID=0x14ECFF01 PF=0xEC (TP.DT=0xEB)
[10:28:19.094] [10:28:19.094] <<< CAN RX [EXT] ID=0x14ECFF01  Data: 11 01 4E FF 00 00 E0 00  (#106319)
[10:28:19.095] [DIAG-PF] CAN ID=0x14ECFF01 PF=0xEC (TP.DT=0xEB)
[10:28:19.095] [10:28:19.095] <<< CAN RX [EXT] ID=0x14ECFF01  Data: 11 01 4F FF 00 00 E0 00  (#106321)
[10:28:19.096] [DIAG-PF] CAN ID=0x14ECFF01 PF=0xEC (TP.DT=0xEB)
[10:28:19.096] [10:28:19.096] <<< CAN RX [EXT] ID=0x14ECFF01  Data: 11 01 50 FF 00 00 E0 00  (#106323)
[10:28:19.099] [DIAG-PF] CAN ID=0x14ECFF01 PF=0xEC (TP.DT=0xEB)
[10:28:19.099] [10:28:19.099] <<< CAN RX [EXT] ID=0x14ECFF01  Data: 11 01 51 FF 00 00 E0 00  (#106325)
[10:28:19.100] [DIAG-PF] CAN ID=0x14ECFF01 PF=0xEC (TP.DT=0xEB)
[10:28:19.100] [10:28:19.100] <<< CAN RX [EXT] ID=0x14ECFF01  Data: 11 01 52 FF 00 00 E0 00  (#106327)
[10:28:19.102] [DIAG-PF] CAN ID=0x14ECFF01 PF=0xEC (TP.DT=0xEB)
[10:28:19.103] [10:28:19.102] <<< CAN RX [EXT] ID=0x14ECFF01  Data: 11 01 53 FF 00 00 E0 00  (#106329)
[10:28:19.106] [DIAG-PF] CAN ID=0x14ECFF01 PF=0xEC (TP.DT=0xEB)
[10:28:19.106] [10:28:19.106] <<< CAN RX [EXT] ID=0x14ECFF01  Data: 11 01 54 FF 00 00 E0 00  (#106331)
[10:28:19.107] [DIAG-PF] CAN ID=0x14ECFF01 PF=0xEC (TP.DT=0xEB)
[10:28:19.107] [10:28:19.107] <<< CAN RX [EXT] ID=0x14ECFF01  Data: 11 01 55 FF 00 00 E0 00  (#106333)
[10:28:19.109] [DIAG-PF] CAN ID=0x14ECFF01 PF=0xEC (TP.DT=0xEB)
[10:28:19.109] [10:28:19.109] <<< CAN RX [EXT] ID=0x14ECFF01  Data: 11 01 56 FF 00 00 E0 00  (#106335)
[10:28:19.110] [DIAG-PF] CAN ID=0x14ECFF01 PF=0xEC (TP.DT=0xEB)
[10:28:19.110] [10:28:19.110] <<< CAN RX [EXT] ID=0x14ECFF01  Data: 11 01 57 FF 00 00 E0 00  (#106337)
[10:28:19.111] [DIAG-PF] CAN ID=0x14ECFF01 PF=0xEC (TP.DT=0xEB)
[10:28:19.112] [10:28:19.111] <<< CAN RX [EXT] ID=0x14ECFF01  Data: 11 01 58 FF 00 00 E0 00  (#106339)
[10:28:19.114] [DIAG-PF] CAN ID=0x14ECFF01 PF=0xEC (TP.DT=0xEB)
[10:28:19.114] [10:28:19.114] <<< CAN RX [EXT] ID=0x14ECFF01  Data: 11 01 59 FF 00 00 E0 00  (#106341)
[10:28:19.115] [DIAG-PF] CAN ID=0x14ECFF01 PF=0xEC (TP.DT=0xEB)
[10:28:19.115] [10:28:19.115] <<< CAN RX [EXT] ID=0x14ECFF01  Data: 11 01 5A FF 00 00 E0 00  (#106343)
[10:28:19.116] [DIAG-PF] CAN ID=0x14ECFF01 PF=0xEC (TP.DT=0xEB)
[10:28:19.116] [10:28:19.116] <<< CAN RX [EXT] ID=0x14ECFF01  Data: 11 01 5B FF 00 00 E0 00  (#106345)
[10:28:19.117] [DIAG-PF] CAN ID=0x14ECFF01 PF=0xEC (TP.DT=0xEB)
[10:28:19.118] [10:28:19.117] <<< CAN RX [EXT] ID=0x14ECFF01  Data: 11 01 5C FF 00 00 E0 00  (#106347)
[10:28:19.118] [DIAG-PF] CAN ID=0x14ECFF01 PF=0xEC (TP.DT=0xEB)
[10:28:19.119] [10:28:19.119] <<< CAN RX [EXT] ID=0x14ECFF01  Data: 11 01 5D FF 00 00 E0 00  (#106349)
[10:28:19.121] [DIAG-PF] CAN ID=0x14ECFF01 PF=0xEC (TP.DT=0xEB)
[10:28:19.121] [10:28:19.121] <<< CAN RX [EXT] ID=0x14ECFF01  Data: 11 01 5E FF 00 00 E0 00  (#106351)
[10:28:19.122] [DIAG] _append_log rx_text约53194行, CAN计数=106351
[10:28:19.123] [DIAG-PF] CAN ID=0x14ECFF01 PF=0xEC (TP.DT=0xEB)
[10:28:19.123] [10:28:19.123] <<< CAN RX [EXT] ID=0x14ECFF01  Data: 11 01 5F FF 00 00 E0 00  (#106353)
[10:28:19.124] [DIAG-PF] CAN ID=0x14ECFF01 PF=0xEC (TP.DT=0xEB)
[10:28:19.125] [10:28:19.125] <<< CAN RX [EXT] ID=0x14ECFF01  Data: 11 01 60 FF 00 00 E0 00  (#106355)
[10:28:19.127] [DIAG-PF] CAN ID=0x14ECFF01 PF=0xEC (TP.DT=0xEB)
[10:28:19.128] [10:28:19.127] <<< CAN RX [EXT] ID=0x14ECFF01  Data: 11 01 61 FF 00 00 E0 00  (#106356)
[10:28:19.129] [DIAG-PF] CAN ID=0x14ECFF01 PF=0xEC (TP.DT=0xEB)
[10:28:19.130] [10:28:19.130] <<< CAN RX [EXT] ID=0x14ECFF01  Data: 11 01 62 FF 00 00 E0 00  (#106359)
[10:28:19.132] [DIAG-PF] CAN ID=0x14ECFF01 PF=0xEC (TP.DT=0xEB)
[10:28:19.133] [10:28:19.133] <<< CAN RX [EXT] ID=0x14ECFF01  Data: 11 01 63 FF 00 00 E0 00  (#106361)
[10:28:19.134] [DIAG-PF] CAN ID=0x14ECFF01 PF=0xEC (TP.DT=0xEB)
[10:28:19.134] [10:28:19.134] <<< CAN RX [EXT] ID=0x14ECFF01  Data: 11 01 64 FF 00 00 E0 00  (#106363)
[10:28:19.136] [DIAG-PF] CAN ID=0x14ECFF01 PF=0xEC (TP.DT=0xEB)
[10:28:19.137] [10:28:19.136] <<< CAN RX [EXT] ID=0x14ECFF01  Data: 11 01 65 FF 00 00 E0 00  (#106365)
[10:28:19.139] [DIAG-PF] CAN ID=0x14ECFF01 PF=0xEC (TP.DT=0xEB)
[10:28:19.139] [10:28:19.139] <<< CAN RX [EXT] ID=0x14ECFF01  Data: 11 01 66 FF 00 00 E0 00  (#106367)
[10:28:19.142] [DIAG-PF] CAN ID=0x14ECFF01 PF=0xEC (TP.DT=0xEB)
[10:28:19.142] [10:28:19.142] <<< CAN RX [EXT] ID=0x14ECFF01  Data: 11 01 67 FF 00 00 E0 00  (#106369)
[10:28:19.144] [DIAG-PF] CAN ID=0x14ECFF01 PF=0xEC (TP.DT=0xEB)
[10:28:19.144] [10:28:19.144] <<< CAN RX [EXT] ID=0x14ECFF01  Data: 11 01 68 FF 00 00 E0 00  (#106371)
[10:28:19.145] [DIAG-PF] CAN ID=0x14ECFF01 PF=0xEC (TP.DT=0xEB)
[10:28:19.145] [10:28:19.145] <<< CAN RX [EXT] ID=0x14ECFF01  Data: 11 01 69 FF 00 00 E0 00  (#106373)
[10:28:19.148] [DIAG-PF] CAN ID=0x14ECFF01 PF=0xEC (TP.DT=0xEB)
[10:28:19.148] [10:28:19.148] <<< CAN RX [EXT] ID=0x14ECFF01  Data: 11 01 6A FF 00 00 E0 00  (#106375)
[10:28:19.149] [DIAG-PF] CAN ID=0x14ECFF01 PF=0xEC (TP.DT=0xEB)
[10:28:19.150] [10:28:19.150] <<< CAN RX [EXT] ID=0x14ECFF01  Data: 11 01 6B FF 00 00 E0 00  (#106377)
[10:28:19.152] [DIAG-PF] CAN ID=0x14ECFF01 PF=0xEC (TP.DT=0xEB)
[10:28:19.152] [10:28:19.152] <<< CAN RX [EXT] ID=0x14ECFF01  Data: 11 01 6C FF 00 00 E0 00  (#106379)
[10:28:19.153] [DIAG-PF] CAN ID=0x14ECFF01 PF=0xEC (TP.DT=0xEB)
[10:28:19.153] [10:28:19.153] <<< CAN RX [EXT] ID=0x14ECFF01  Data: 11 01 6D FF 00 00 E0 00  (#106381)
[10:28:19.154] [DIAG-PF] CAN ID=0x14ECFF01 PF=0xEC (TP.DT=0xEB)
[10:28:19.155] [10:28:19.154] <<< CAN RX [EXT] ID=0x14ECFF01  Data: 11 01 6E FF 00 00 E0 00  (#106383)
[10:28:19.156] [DIAG-PF] CAN ID=0x14ECFF01 PF=0xEC (TP.DT=0xEB)
[10:28:19.156] [10:28:19.156] <<< CAN RX [EXT] ID=0x14ECFF01  Data: 11 01 6F FF 00 00 E0 00  (#106385)
[10:28:19.157] [DIAG-PF] CAN ID=0x14ECFF01 PF=0xEC (TP.DT=0xEB)
[10:28:19.157] [10:28:19.157] <<< CAN RX [EXT] ID=0x14ECFF01  Data: 11 01 70 FF 00 00 E0 00  (#106387)
[10:28:19.158] [DIAG-PF] CAN ID=0x14ECFF01 PF=0xEC (TP.DT=0xEB)
[10:28:19.158] [10:28:19.158] <<< CAN RX [EXT] ID=0x14ECFF01  Data: 11 01 71 FF 00 00 E0 00  (#106389)
[10:28:19.161] [DIAG-PF] CAN ID=0x14ECFF01 PF=0xEC (TP.DT=0xEB)
[10:28:19.162] [10:28:19.162] <<< CAN RX [EXT] ID=0x14ECFF01  Data: 11 01 72 FF 00 00 E0 00  (#106391)
[10:28:19.164] [DIAG-PF] CAN ID=0x14ECFF01 PF=0xEC (TP.DT=0xEB)
[10:28:19.164] [10:28:19.164] <<< CAN RX [EXT] ID=0x14ECFF01  Data: 11 01 73 FF 00 00 E0 00  (#106393)
[10:28:19.165] [DIAG-PF] CAN ID=0x14ECFF01 PF=0xEC (TP.DT=0xEB)
[10:28:19.165] [10:28:19.165] <<< CAN RX [EXT] ID=0x14ECFF01  Data: 11 01 74 FF 00 00 E0 00  (#106395)
[10:28:19.166] [DIAG-PF] CAN ID=0x14ECFF01 PF=0xEC (TP.DT=0xEB)
[10:28:19.167] [10:28:19.167] <<< CAN RX [EXT] ID=0x14ECFF01  Data: 11 01 75 FF 00 00 E0 00  (#106397)
[10:28:19.168] [DIAG-PF] CAN ID=0x14ECFF01 PF=0xEC (TP.DT=0xEB)
[10:28:19.168] [10:28:19.168] <<< CAN RX [EXT] ID=0x14ECFF01  Data: 11 01 76 FF 00 00 E0 00  (#106399)
[10:28:19.168] [DIAG-PF] CAN ID=0x14ECFF01 PF=0xEC (TP.DT=0xEB)
[10:28:19.169] [10:28:19.169] <<< CAN RX [EXT] ID=0x14ECFF01  Data: 11 01 77 FF 00 00 E0 00  (#106401)
[10:28:19.169] [DIAG] _append_log rx_text约53219行, CAN计数=106401
[10:28:19.170] [DIAG-PF] CAN ID=0x14ECFF01 PF=0xEC (TP.DT=0xEB)
[10:28:19.170] [10:28:19.170] <<< CAN RX [EXT] ID=0x14ECFF01  Data: 11 01 78 FF 00 00 E0 00  (#106403)
[10:28:19.171] [DIAG-PF] CAN ID=0x14ECFF01 PF=0xEC (TP.DT=0xEB)
[10:28:19.171] [10:28:19.171] <<< CAN RX [EXT] ID=0x14ECFF01  Data: 11 01 79 FF 00 00 E0 00  (#106405)
[10:28:19.172] [DIAG-PF] CAN ID=0x14ECFF01 PF=0xEC (TP.DT=0xEB)
[10:28:19.172] [10:28:19.172] <<< CAN RX [EXT] ID=0x14ECFF01  Data: 11 01 7A FF 00 00 E0 00  (#106407)
[10:28:19.173] [DIAG-PF] CAN ID=0x14ECFF01 PF=0xEC (TP.DT=0xEB)
[10:28:19.173] [10:28:19.173] <<< CAN RX [EXT] ID=0x14ECFF01  Data: 11 01 7B FF 00 00 E0 00  (#106409)
[10:28:19.174] [DIAG-PF] CAN ID=0x14ECFF01 PF=0xEC (TP.DT=0xEB)
[10:28:19.175] [10:28:19.175] <<< CAN RX [EXT] ID=0x14ECFF01  Data: 11 01 7C FF 00 00 E0 00  (#106411)
[10:28:19.176] [DIAG-PF] CAN ID=0x14ECFF01 PF=0xEC (TP.DT=0xEB)
[10:28:19.176] [10:28:19.176] <<< CAN RX [EXT] ID=0x14ECFF01  Data: 11 01 7D FF 00 00 E0 00  (#106413)
[10:28:19.179] [DIAG-PF] CAN ID=0x14ECFF01 PF=0xEC (TP.DT=0xEB)
[10:28:19.179] [10:28:19.179] <<< CAN RX [EXT] ID=0x14ECFF01  Data: 11 01 7E FF 00 00 E0 00  (#106415)
[10:28:19.180] [DIAG-PF] CAN ID=0x14ECFF01 PF=0xEC (TP.DT=0xEB)
[10:28:19.181] [10:28:19.180] <<< CAN RX [EXT] ID=0x14ECFF01  Data: 11 01 7F FF 00 00 E0 00  (#106417)
[10:28:19.182] [DIAG-PF] CAN ID=0x14ECFF01 PF=0xEC (TP.DT=0xEB)
[10:28:19.182] [10:28:19.182] <<< CAN RX [EXT] ID=0x14ECFF01  Data: 11 01 80 FF 00 00 E0 00  (#106419)
[10:28:19.183] [DIAG-PF] CAN ID=0x14ECFF01 PF=0xEC (TP.DT=0xEB)
[10:28:19.183] [10:28:19.183] <<< CAN RX [EXT] ID=0x14ECFF01  Data: 11 01 81 FF 00 00 E0 00  (#106421)
[10:28:19.184] [DIAG-PF] CAN ID=0x14ECFF01 PF=0xEC (TP.DT=0xEB)
[10:28:19.184] [10:28:19.184] <<< CAN RX [EXT] ID=0x14ECFF01  Data: 11 01 82 FF 00 00 E0 00  (#106423)
[10:28:19.185] [DIAG-PF] CAN ID=0x14ECFF01 PF=0xEC (TP.DT=0xEB)
[10:28:19.186] [10:28:19.186] <<< CAN RX [EXT] ID=0x14ECFF01  Data: 11 01 83 FF 00 00 E0 00  (#106425)
[10:28:19.187] [DIAG-PF] CAN ID=0x14ECFF01 PF=0xEC (TP.DT=0xEB)
[10:28:19.187] [10:28:19.187] <<< CAN RX [EXT] ID=0x14ECFF01  Data: 11 01 84 FF 00 00 E0 00  (#106427)
[10:28:19.188] [DIAG-PF] CAN ID=0x14ECFF01 PF=0xEC (TP.DT=0xEB)
[10:28:19.188] [10:28:19.188] <<< CAN RX [EXT] ID=0x14ECFF01  Data: 11 01 85 FF 00 00 E0 00  (#106429)
[10:28:19.189] [DIAG-PF] CAN ID=0x14ECFF01 PF=0xEC (TP.DT=0xEB)
[10:28:19.189] [10:28:19.189] <<< CAN RX [EXT] ID=0x14ECFF01  Data: 11 01 86 FF 00 00 E0 00  (#106431)
[10:28:19.190] [DIAG-PF] CAN ID=0x14ECFF01 PF=0xEC (TP.DT=0xEB)
[10:28:19.191] [10:28:19.190] <<< CAN RX [EXT] ID=0x14ECFF01  Data: 11 01 87 FF 00 00 E0 00  (#106433)
[10:28:19.192] [DIAG-PF] CAN ID=0x14ECFF01 PF=0xEC (TP.DT=0xEB)
[10:28:19.192] [10:28:19.192] <<< CAN RX [EXT] ID=0x14ECFF01  Data: 11 01 88 FF 00 00 E0 00  (#106435)
[10:28:19.193] [DIAG-PF] CAN ID=0x14ECFF01 PF=0xEC (TP.DT=0xEB)
[10:28:19.193] [10:28:19.193] <<< CAN RX [EXT] ID=0x14ECFF01  Data: 11 01 89 FF 00 00 E0 00  (#106437)
[10:28:19.194] [DIAG-PF] CAN ID=0x14ECFF01 PF=0xEC (TP.DT=0xEB)
[10:28:19.194] [10:28:19.194] <<< CAN RX [EXT] ID=0x14ECFF01  Data: 11 01 8A FF 00 00 E0 00  (#106439)
[10:28:19.195] [DIAG-PF] CAN ID=0x14ECFF01 PF=0xEC (TP.DT=0xEB)
[10:28:19.195] [10:28:19.195] <<< CAN RX [EXT] ID=0x14ECFF01  Data: 11 01 8B FF 00 00 E0 00  (#106441)
[10:28:19.196] [DIAG-PF] CAN ID=0x14ECFF01 PF=0xEC (TP.DT=0xEB)
[10:28:19.196] [10:28:19.196] <<< CAN RX [EXT] ID=0x14ECFF01  Data: 11 01 8C FF 00 00 E0 00  (#106443)
[10:28:19.198] [DIAG-PF] CAN ID=0x14ECFF01 PF=0xEC (TP.DT=0xEB)
[10:28:19.198] [10:28:19.198] <<< CAN RX [EXT] ID=0x14ECFF01  Data: 11 01 8D FF 00 00 E0 00  (#106445)
[10:28:19.199] [DIAG-PF] CAN ID=0x14ECFF01 PF=0xEC (TP.DT=0xEB)
[10:28:19.199] [10:28:19.199] <<< CAN RX [EXT] ID=0x14ECFF01  Data: 11 01 8E FF 00 00 E0 00  (#106447)
[10:28:19.201] [DIAG-PF] CAN ID=0x14ECFF01 PF=0xEC (TP.DT=0xEB)
[10:28:19.201] [10:28:19.201] <<< CAN RX [EXT] ID=0x14ECFF01  Data: 11 01 8F FF 00 00 E0 00  (#106448)
[10:28:19.201] [DIAG-PF] CAN ID=0x14ECFF01 PF=0xEC (TP.DT=0xEB)
[10:28:19.202] [10:28:19.201] <<< CAN RX [EXT] ID=0x14ECFF01  Data: 11 01 90 FF 00 00 E0 00  (#106451)
[10:28:19.202] [DIAG] _append_log rx_text约53244行, CAN计数=106451
[10:28:19.203] [DIAG-PF] CAN ID=0x14ECFF01 PF=0xEC (TP.DT=0xEB)
[10:28:19.203] [10:28:19.203] <<< CAN RX [EXT] ID=0x14ECFF01  Data: 11 01 91 FF 00 00 E0 00  (#106453)
[10:28:19.204] [DIAG-PF] CAN ID=0x14ECFF01 PF=0xEC (TP.DT=0xEB)
[10:28:19.204] [10:28:19.204] <<< CAN RX [EXT] ID=0x14ECFF01  Data: 11 01 92 FF 00 00 E0 00  (#106455)
[10:28:19.205] [DIAG-PF] CAN ID=0x14ECFF01 PF=0xEC (TP.DT=0xEB)
[10:28:19.205] [10:28:19.205] <<< CAN RX [EXT] ID=0x14ECFF01  Data: 11 01 93 FF 00 00 E0 00  (#106456)
[10:28:19.222] [DIAG-PF] CAN ID=0x14ECFF01 PF=0xEC (TP.DT=0xEB)
[10:28:19.223] [10:28:19.222] <<< CAN RX [EXT] ID=0x14ECFF01  Data: 13 00 04 93 00 00 E0 00  (#106458)
[10:28:19.225] [DIAG-PF] CAN ID=0x14ECFF01 PF=0xEC (TP.DT=0xEB)
[10:28:19.225] [10:28:19.225] <<< CAN RX [EXT] ID=0x14ECFF01  Data: 11 01 01 FF 00 00 E0 00  (#106461)
[10:28:19.227] [DIAG-PF] CAN ID=0x14ECFF01 PF=0xEC (TP.DT=0xEB)
[10:28:19.227] [10:28:19.227] <<< CAN RX [EXT] ID=0x14ECFF01  Data: 11 01 02 FF 00 00 E0 00  (#106463)
[10:28:19.228] [DIAG-PF] CAN ID=0x14ECFF01 PF=0xEC (TP.DT=0xEB)
[10:28:19.228] [10:28:19.228] <<< CAN RX [EXT] ID=0x14ECFF01  Data: 11 01 03 FF 00 00 E0 00  (#106464)
[10:28:19.230] [DIAG-PF] CAN ID=0x14ECFF01 PF=0xEC (TP.DT=0xEB)
[10:28:19.230] [10:28:19.230] <<< CAN RX [EXT] ID=0x14ECFF01  Data: 11 01 04 FF 00 00 E0 00  (#106467)
[10:28:19.231] [DIAG-PF] CAN ID=0x14ECFF01 PF=0xEC (TP.DT=0xEB)
[10:28:19.231] [10:28:19.231] <<< CAN RX [EXT] ID=0x14ECFF01  Data: 11 01 05 FF 00 00 E0 00  (#106468)
[10:28:19.232] [DIAG-PF] CAN ID=0x14ECFF01 PF=0xEC (TP.DT=0xEB)
[10:28:19.232] [10:28:19.232] <<< CAN RX [EXT] ID=0x14ECFF01  Data: 11 01 06 FF 00 00 E0 00  (#106470)
[10:28:19.234] [DIAG-PF] CAN ID=0x14ECFF01 PF=0xEC (TP.DT=0xEB)
[10:28:19.235] [10:28:19.235] <<< CAN RX [EXT] ID=0x14ECFF01  Data: 11 01 07 FF 00 00 E0 00  (#106473)
[10:28:19.235] [DIAG-PF] CAN ID=0x14ECFF01 PF=0xEC (TP.DT=0xEB)
[10:28:19.235] [10:28:19.235] <<< CAN RX [EXT] ID=0x14ECFF01  Data: 11 01 08 FF 00 00 E0 00  (#106474)
[10:28:19.237] [DIAG-PF] CAN ID=0x14ECFF01 PF=0xEC (TP.DT=0xEB)
[10:28:19.237] [10:28:19.237] <<< CAN RX [EXT] ID=0x14ECFF01  Data: 11 01 09 FF 00 00 E0 00  (#106476)
[10:28:19.238] [DIAG-PF] CAN ID=0x14ECFF01 PF=0xEC (TP.DT=0xEB)
[10:28:19.238] [10:28:19.238] <<< CAN RX [EXT] ID=0x14ECFF01  Data: 11 01 0A FF 00 00 E0 00  (#106478)
[10:28:19.239] [DIAG-PF] CAN ID=0x14ECFF01 PF=0xEC (TP.DT=0xEB)
[10:28:19.239] [10:28:19.239] <<< CAN RX [EXT] ID=0x14ECFF01  Data: 11 01 0B FF 00 00 E0 00  (#106480)
[10:28:19.240] [DIAG-PF] CAN ID=0x14ECFF01 PF=0xEC (TP.DT=0xEB)
[10:28:19.240] [10:28:19.240] <<< CAN RX [EXT] ID=0x14ECFF01  Data: 11 01 0C FF 00 00 E0 00  (#106482)
[10:28:19.241] [DIAG-PF] CAN ID=0x14ECFF01 PF=0xEC (TP.DT=0xEB)
[10:28:19.241] [10:28:19.241] <<< CAN RX [EXT] ID=0x14ECFF01  Data: 11 01 0D FF 00 00 E0 00  (#106484)
[10:28:19.242] [DIAG-PF] CAN ID=0x14ECFF01 PF=0xEC (TP.DT=0xEB)
[10:28:19.242] [10:28:19.242] <<< CAN RX [EXT] ID=0x14ECFF01  Data: 11 01 0E FF 00 00 E0 00  (#106486)
[10:28:19.244] [DIAG-PF] CAN ID=0x14ECFF01 PF=0xEC (TP.DT=0xEB)
[10:28:19.244] [10:28:19.244] <<< CAN RX [EXT] ID=0x14ECFF01  Data: 11 01 0F FF 00 00 E0 00  (#106488)
[10:28:19.245] [DIAG-PF] CAN ID=0x14ECFF01 PF=0xEC (TP.DT=0xEB)
[10:28:19.245] [10:28:19.245] <<< CAN RX [EXT] ID=0x14ECFF01  Data: 11 01 10 FF 00 00 E0 00  (#106490)
[10:28:19.251] [DIAG-PF] CAN ID=0x14ECFF01 PF=0xEC (TP.DT=0xEB)
[10:28:19.251] [10:28:19.251] <<< CAN RX [EXT] ID=0x14ECFF01  Data: 11 01 11 FF 00 00 E0 00  (#106493)
[10:28:19.253] [DIAG-PF] CAN ID=0x14ECFF01 PF=0xEC (TP.DT=0xEB)
[10:28:19.253] [10:28:19.253] <<< CAN RX [EXT] ID=0x14ECFF01  Data: 11 01 12 FF 00 00 E0 00  (#106494)
[10:28:19.256] [DIAG-PF] CAN ID=0x14ECFF01 PF=0xEC (TP.DT=0xEB)
[10:28:19.256] [10:28:19.256] <<< CAN RX [EXT] ID=0x14ECFF01  Data: 11 01 13 FF 00 00 E0 00  (#106496)
[10:28:19.257] [DIAG-PF] CAN ID=0x14ECFF01 PF=0xEC (TP.DT=0xEB)
[10:28:19.258] [10:28:19.257] <<< CAN RX [EXT] ID=0x14ECFF01  Data: 11 01 14 FF 00 00 E0 00  (#106498)
[10:28:19.259] [DIAG-PF] CAN ID=0x14ECFF01 PF=0xEC (TP.DT=0xEB)
[10:28:19.259] [DIAG] _log_rx called, total RX bytes=1278000, CAN count=106499
[10:28:19.259] [10:28:19.259] <<< CAN RX [EXT] ID=0x14ECFF01  Data: 11 01 15 FF 00 00 E0 00  (#106500)
[10:28:19.260] [DIAG] _append_log rx_text约53269行, CAN计数=106501
[10:28:19.262] [DIAG-PF] CAN ID=0x14ECFF01 PF=0xEC (TP.DT=0xEB)
[10:28:19.262] [10:28:19.262] <<< CAN RX [EXT] ID=0x14ECFF01  Data: 11 01 16 FF 00 00 E0 00  (#106503)
[10:28:19.263] [DIAG-PF] CAN ID=0x14ECFF01 PF=0xEC (TP.DT=0xEB)
[10:28:19.263] [10:28:19.263] <<< CAN RX [EXT] ID=0x14ECFF01  Data: 11 01 17 FF 00 00 E0 00  (#106504)
[10:28:19.264] [DIAG-PF] CAN ID=0x14ECFF01 PF=0xEC (TP.DT=0xEB)
[10:28:19.264] [10:28:19.264] <<< CAN RX [EXT] ID=0x14ECFF01  Data: 11 01 18 FF 00 00 E0 00  (#106506)
[10:28:19.266] [DIAG-PF] CAN ID=0x14ECFF01 PF=0xEC (TP.DT=0xEB)
[10:28:19.266] [10:28:19.266] <<< CAN RX [EXT] ID=0x14ECFF01  Data: 11 01 19 FF 00 00 E0 00  (#106508)
[10:28:19.267] [DIAG-PF] CAN ID=0x14ECFF01 PF=0xEC (TP.DT=0xEB)
[10:28:19.267] [10:28:19.267] <<< CAN RX [EXT] ID=0x14ECFF01  Data: 11 01 1A FF 00 00 E0 00  (#106510)
[10:28:19.279] [DIAG-PF] CAN ID=0x14ECFF01 PF=0xEC (TP.DT=0xEB)
[10:28:19.280] [10:28:19.280] <<< CAN RX [EXT] ID=0x14ECFF01  Data: 11 01 1B FF 00 00 E0 00  (#106513)
[10:28:19.282] [DIAG-PF] CAN ID=0x14ECFF01 PF=0xEC (TP.DT=0xEB)
[10:28:19.282] [10:28:19.282] <<< CAN RX [EXT] ID=0x14ECFF01  Data: 11 01 1C FF 00 00 E0 00  (#106514)
[10:28:19.283] [DIAG-PF] CAN ID=0x14ECFF01 PF=0xEC (TP.DT=0xEB)
[10:28:19.283] [10:28:19.283] <<< CAN RX [EXT] ID=0x14ECFF01  Data: 11 01 1D FF 00 00 E0 00  (#106516)
[10:28:19.285] [DIAG-PF] CAN ID=0x14ECFF01 PF=0xEC (TP.DT=0xEB)
[10:28:19.285] [10:28:19.285] <<< CAN RX [EXT] ID=0x14ECFF01  Data: 11 01 1E FF 00 00 E0 00  (#106518)
[10:28:19.286] [DIAG-PF] CAN ID=0x14ECFF01 PF=0xEC (TP.DT=0xEB)
[10:28:19.286] [10:28:19.286] <<< CAN RX [EXT] ID=0x14ECFF01  Data: 11 01 1F FF 00 00 E0 00  (#106520)
[10:28:19.287] [DIAG-PF] CAN ID=0x14ECFF01 PF=0xEC (TP.DT=0xEB)
[10:28:19.287] [10:28:19.287] <<< CAN RX [EXT] ID=0x14ECFF01  Data: 11 01 20 FF 00 00 E0 00  (#106522)
[10:28:19.288] [DIAG-PF] CAN ID=0x14ECFF01 PF=0xEC (TP.DT=0xEB)
[10:28:19.288] [10:28:19.288] <<< CAN RX [EXT] ID=0x14ECFF01  Data: 11 01 21 FF 00 00 E0 00  (#106524)
[10:28:19.289] [DIAG-PF] CAN ID=0x14ECFF01 PF=0xEC (TP.DT=0xEB)
[10:28:19.290] [10:28:19.289] <<< CAN RX [EXT] ID=0x14ECFF01  Data: 11 01 22 FF 00 00 E0 00  (#106526)
[10:28:19.293] [DIAG-PF] CAN ID=0x14ECFF01 PF=0xEC (TP.DT=0xEB)
[10:28:19.293] [10:28:19.293] <<< CAN RX [EXT] ID=0x14ECFF01  Data: 11 01 23 FF 00 00 E0 00  (#106529)
[10:28:19.294] [DIAG-PF] CAN ID=0x14ECFF01 PF=0xEC (TP.DT=0xEB)
[10:28:19.294] [10:28:19.294] <<< CAN RX [EXT] ID=0x14ECFF01  Data: 11 01 24 FF 00 00 E0 00  (#106530)
[10:28:19.295] [DIAG-PF] CAN ID=0x14ECFF01 PF=0xEC (TP.DT=0xEB)
[10:28:19.295] [10:28:19.295] <<< CAN RX [EXT] ID=0x14ECFF01  Data: 11 01 25 FF 00 00 E0 00  (#106532)
[10:28:19.297] [DIAG-PF] CAN ID=0x14ECFF01 PF=0xEC (TP.DT=0xEB)
[10:28:19.297] [10:28:19.297] <<< CAN RX [EXT] ID=0x14ECFF01  Data: 11 01 26 FF 00 00 E0 00  (#106535)
[10:28:19.298] [DIAG-PF] CAN ID=0x14ECFF01 PF=0xEC (TP.DT=0xEB)
[10:28:19.299] [10:28:19.298] <<< CAN RX [EXT] ID=0x14ECFF01  Data: 11 01 27 FF 00 00 E0 00  (#106536)
[10:28:19.300] [DIAG-PF] CAN ID=0x14ECFF01 PF=0xEC (TP.DT=0xEB)
[10:28:19.300] [10:28:19.300] <<< CAN RX [EXT] ID=0x14ECFF01  Data: 11 01 28 FF 00 00 E0 00  (#106538)
[10:28:19.301] [DIAG-PF] CAN ID=0x14ECFF01 PF=0xEC (TP.DT=0xEB)
[10:28:19.301] [10:28:19.301] <<< CAN RX [EXT] ID=0x14ECFF01  Data: 11 01 29 FF 00 00 E0 00  (#106540)
[10:28:19.302] [DIAG-PF] CAN ID=0x14ECFF01 PF=0xEC (TP.DT=0xEB)
[10:28:19.303] [10:28:19.302] <<< CAN RX [EXT] ID=0x14ECFF01  Data: 11 01 2A FF 00 00 E0 00  (#106543)
[10:28:19.304] [DIAG-PF] CAN ID=0x14ECFF01 PF=0xEC (TP.DT=0xEB)
[10:28:19.304] [10:28:19.304] <<< CAN RX [EXT] ID=0x14ECFF01  Data: 11 01 2B FF 00 00 E0 00  (#106544)
[10:28:19.307] [DIAG-PF] CAN ID=0x14ECFF01 PF=0xEC (TP.DT=0xEB)
[10:28:19.307] [10:28:19.307] <<< CAN RX [EXT] ID=0x14ECFF01  Data: 11 01 2C FF 00 00 E0 00  (#106546)
[10:28:19.308] [DIAG-PF] CAN ID=0x14ECFF01 PF=0xEC (TP.DT=0xEB)
[10:28:19.308] [10:28:19.308] <<< CAN RX [EXT] ID=0x14ECFF01  Data: 11 01 2D FF 00 00 E0 00  (#106548)
[10:28:19.310] [DIAG-PF] CAN ID=0x14ECFF01 PF=0xEC (TP.DT=0xEB)
[10:28:19.310] [10:28:19.310] <<< CAN RX [EXT] ID=0x14ECFF01  Data: 11 01 2E FF 00 00 E0 00  (#106551)
[10:28:19.311] [DIAG] _append_log rx_text约53294行, CAN计数=106551
[10:28:19.311] [DIAG-PF] CAN ID=0x14ECFF01 PF=0xEC (TP.DT=0xEB)
[10:28:19.311] [10:28:19.311] <<< CAN RX [EXT] ID=0x14ECFF01  Data: 11 01 2F FF 00 00 E0 00  (#106552)
[10:28:19.312] [DIAG-PF] CAN ID=0x14ECFF01 PF=0xEC (TP.DT=0xEB)
[10:28:19.312] [10:28:19.312] <<< CAN RX [EXT] ID=0x14ECFF01  Data: 11 01 30 FF 00 00 E0 00  (#106554)
[10:28:19.314] [DIAG-PF] CAN ID=0x14ECFF01 PF=0xEC (TP.DT=0xEB)
[10:28:19.314] [10:28:19.314] <<< CAN RX [EXT] ID=0x14ECFF01  Data: 11 01 31 FF 00 00 E0 00  (#106556)
[10:28:19.315] [DIAG-PF] CAN ID=0x14ECFF01 PF=0xEC (TP.DT=0xEB)
[10:28:19.315] [10:28:19.315] <<< CAN RX [EXT] ID=0x14ECFF01  Data: 11 01 32 FF 00 00 E0 00  (#106558)
[10:28:19.316] [DIAG-PF] CAN ID=0x14ECFF01 PF=0xEC (TP.DT=0xEB)
[10:28:19.316] [10:28:19.316] <<< CAN RX [EXT] ID=0x14ECFF01  Data: 11 01 33 FF 00 00 E0 00  (#106560)
[10:28:19.317] [DIAG-PF] CAN ID=0x14ECFF01 PF=0xEC (TP.DT=0xEB)
[10:28:19.317] [10:28:19.317] <<< CAN RX [EXT] ID=0x14ECFF01  Data: 11 01 34 FF 00 00 E0 00  (#106562)
[10:28:19.318] [DIAG-PF] CAN ID=0x14ECFF01 PF=0xEC (TP.DT=0xEB)
[10:28:19.318] [10:28:19.318] <<< CAN RX [EXT] ID=0x14ECFF01  Data: 11 01 35 FF 00 00 E0 00  (#106564)
[10:28:19.320] [DIAG-PF] CAN ID=0x14ECFF01 PF=0xEC (TP.DT=0xEB)
[10:28:19.320] [10:28:19.320] <<< CAN RX [EXT] ID=0x14ECFF01  Data: 11 01 36 FF 00 00 E0 00  (#106566)
[10:28:19.321] [DIAG-PF] CAN ID=0x14ECFF01 PF=0xEC (TP.DT=0xEB)
[10:28:19.321] [10:28:19.321] <<< CAN RX [EXT] ID=0x14ECFF01  Data: 11 01 37 FF 00 00 E0 00  (#106568)
[10:28:19.323] [DIAG-PF] CAN ID=0x14ECFF01 PF=0xEC (TP.DT=0xEB)
[10:28:19.323] [10:28:19.323] <<< CAN RX [EXT] ID=0x14ECFF01  Data: 11 01 38 FF 00 00 E0 00  (#106571)
[10:28:19.324] [DIAG-PF] CAN ID=0x14ECFF01 PF=0xEC (TP.DT=0xEB)
[10:28:19.325] [10:28:19.324] <<< CAN RX [EXT] ID=0x14ECFF01  Data: 11 01 39 FF 00 00 E0 00  (#106572)
[10:28:19.326] [DIAG-PF] CAN ID=0x14ECFF01 PF=0xEC (TP.DT=0xEB)
[10:28:19.327] [10:28:19.327] <<< CAN RX [EXT] ID=0x14ECFF01  Data: 11 01 3A FF 00 00 E0 00  (#106575)
[10:28:19.328] [DIAG-PF] CAN ID=0x14ECFF01 PF=0xEC (TP.DT=0xEB)
[10:28:19.328] [10:28:19.328] <<< CAN RX [EXT] ID=0x14ECFF01  Data: 11 01 3B FF 00 00 E0 00  (#106576)
[10:28:19.330] [DIAG-PF] CAN ID=0x14ECFF01 PF=0xEC (TP.DT=0xEB)
[10:28:19.332] [10:28:19.331] <<< CAN RX [EXT] ID=0x14ECFF01  Data: 11 01 3C FF 00 00 E0 00  (#106579)
[10:28:19.333] [DIAG-PF] CAN ID=0x14ECFF01 PF=0xEC (TP.DT=0xEB)
[10:28:19.333] [10:28:19.333] <<< CAN RX [EXT] ID=0x14ECFF01  Data: 11 01 3D FF 00 00 E0 00  (#106580)
[10:28:19.334] [DIAG-PF] CAN ID=0x14ECFF01 PF=0xEC (TP.DT=0xEB)
[10:28:19.334] [10:28:19.334] <<< CAN RX [EXT] ID=0x14ECFF01  Data: 11 01 3E FF 00 00 E0 00  (#106582)
[10:28:19.335] [DIAG-PF] CAN ID=0x14ECFF01 PF=0xEC (TP.DT=0xEB)
[10:28:19.335] [10:28:19.335] <<< CAN RX [EXT] ID=0x14ECFF01  Data: 11 01 3F FF 00 00 E0 00  (#106584)
[10:28:19.336] [DIAG-PF] CAN ID=0x14ECFF01 PF=0xEC (TP.DT=0xEB)
[10:28:19.336] [10:28:19.336] <<< CAN RX [EXT] ID=0x14ECFF01  Data: 11 01 40 FF 00 00 E0 00  (#106586)
[10:28:19.337] [DIAG-PF] CAN ID=0x14ECFF01 PF=0xEC (TP.DT=0xEB)
[10:28:19.337] [10:28:19.337] <<< CAN RX [EXT] ID=0x14ECFF01  Data: 11 01 41 FF 00 00 E0 00  (#106588)
[10:28:19.338] [DIAG-PF] CAN ID=0x14ECFF01 PF=0xEC (TP.DT=0xEB)
[10:28:19.338] [10:28:19.338] <<< CAN RX [EXT] ID=0x14ECFF01  Data: 11 01 42 FF 00 00 E0 00  (#106590)
[10:28:19.339] [DIAG-PF] CAN ID=0x14ECFF01 PF=0xEC (TP.DT=0xEB)
[10:28:19.339] [10:28:19.339] <<< CAN RX [EXT] ID=0x14ECFF01  Data: 11 01 43 FF 00 00 E0 00  (#106592)
[10:28:19.340] [DIAG-PF] CAN ID=0x14ECFF01 PF=0xEC (TP.DT=0xEB)
[10:28:19.340] [10:28:19.340] <<< CAN RX [EXT] ID=0x14ECFF01  Data: 11 01 44 FF 00 00 E0 00  (#106594)
[10:28:19.341] [DIAG-PF] CAN ID=0x14ECFF01 PF=0xEC (TP.DT=0xEB)
[10:28:19.341] [10:28:19.341] <<< CAN RX [EXT] ID=0x14ECFF01  Data: 11 01 45 FF 00 00 E0 00  (#106596)
[10:28:19.343] [DIAG-PF] CAN ID=0x14ECFF01 PF=0xEC (TP.DT=0xEB)
[10:28:19.343] [10:28:19.343] <<< CAN RX [EXT] ID=0x14ECFF01  Data: 11 01 46 FF 00 00 E0 00  (#106598)
[10:28:19.344] [DIAG-PF] CAN ID=0x14ECFF01 PF=0xEC (TP.DT=0xEB)
[10:28:19.344] [DIAG] _log_rx called, total RX bytes=1279200, CAN count=106599
[10:28:19.344] [10:28:19.344] <<< CAN RX [EXT] ID=0x14ECFF01  Data: 11 01 47 FF 00 00 E0 00  (#106600)
[10:28:19.344] [DIAG] _append_log rx_text约53319行, CAN计数=106601
[10:28:19.345] [DIAG-PF] CAN ID=0x14ECFF01 PF=0xEC (TP.DT=0xEB)
[10:28:19.346] [10:28:19.345] <<< CAN RX [EXT] ID=0x14ECFF01  Data: 11 01 48 FF 00 00 E0 00  (#106602)
[10:28:19.348] [DIAG-PF] CAN ID=0x14ECFF01 PF=0xEC (TP.DT=0xEB)
[10:28:19.349] [10:28:19.349] <<< CAN RX [EXT] ID=0x14ECFF01  Data: 11 01 49 FF 00 00 E0 00  (#106605)
[10:28:19.350] [DIAG-PF] CAN ID=0x14ECFF01 PF=0xEC (TP.DT=0xEB)
[10:28:19.350] [10:28:19.350] <<< CAN RX [EXT] ID=0x14ECFF01  Data: 11 01 4A FF 00 00 E0 00  (#106606)
[10:28:19.351] [DIAG-PF] CAN ID=0x14ECFF01 PF=0xEC (TP.DT=0xEB)
[10:28:19.351] [10:28:19.351] <<< CAN RX [EXT] ID=0x14ECFF01  Data: 11 01 4B FF 00 00 E0 00  (#106608)
[10:28:19.352] [DIAG-PF] CAN ID=0x14ECFF01 PF=0xEC (TP.DT=0xEB)
[10:28:19.352] [10:28:19.352] <<< CAN RX [EXT] ID=0x14ECFF01  Data: 11 01 4C FF 00 00 E0 00  (#106610)
[10:28:19.353] [DIAG-PF] CAN ID=0x14ECFF01 PF=0xEC (TP.DT=0xEB)
[10:28:19.353] [10:28:19.353] <<< CAN RX [EXT] ID=0x14ECFF01  Data: 11 01 4D FF 00 00 E0 00  (#106612)
[10:28:19.354] [DIAG-PF] CAN ID=0x14ECFF01 PF=0xEC (TP.DT=0xEB)
[10:28:19.354] [10:28:19.354] <<< CAN RX [EXT] ID=0x14ECFF01  Data: 11 01 4E FF 00 00 E0 00  (#106614)
[10:28:19.356] [DIAG-PF] CAN ID=0x14ECFF01 PF=0xEC (TP.DT=0xEB)
[10:28:19.356] [10:28:19.356] <<< CAN RX [EXT] ID=0x14ECFF01  Data: 11 01 4F FF 00 00 E0 00  (#106617)
[10:28:19.357] [DIAG-PF] CAN ID=0x14ECFF01 PF=0xEC (TP.DT=0xEB)
[10:28:19.357] [10:28:19.357] <<< CAN RX [EXT] ID=0x14ECFF01  Data: 11 01 50 FF 00 00 E0 00  (#106618)
[10:28:19.359] [DIAG-PF] CAN ID=0x14ECFF01 PF=0xEC (TP.DT=0xEB)
[10:28:19.359] [10:28:19.359] <<< CAN RX [EXT] ID=0x14ECFF01  Data: 11 01 51 FF 00 00 E0 00  (#106620)
[10:28:19.360] [DIAG-PF] CAN ID=0x14ECFF01 PF=0xEC (TP.DT=0xEB)
[10:28:19.360] [10:28:19.360] <<< CAN RX [EXT] ID=0x14ECFF01  Data: 11 01 52 FF 00 00 E0 00  (#106622)
[10:28:19.362] [DIAG-PF] CAN ID=0x14ECFF01 PF=0xEC (TP.DT=0xEB)
[10:28:19.362] [10:28:19.362] <<< CAN RX [EXT] ID=0x14ECFF01  Data: 11 01 53 FF 00 00 E0 00  (#106625)
[10:28:19.364] [DIAG-PF] CAN ID=0x14ECFF01 PF=0xEC (TP.DT=0xEB)
[10:28:19.364] [10:28:19.364] <<< CAN RX [EXT] ID=0x14ECFF01  Data: 11 01 54 FF 00 00 E0 00  (#106626)
[10:28:19.365] [DIAG-PF] CAN ID=0x14ECFF01 PF=0xEC (TP.DT=0xEB)
[10:28:19.365] [10:28:19.365] <<< CAN RX [EXT] ID=0x14ECFF01  Data: 11 01 55 FF 00 00 E0 00  (#106628)
[10:28:19.366] [DIAG-PF] CAN ID=0x14ECFF01 PF=0xEC (TP.DT=0xEB)
[10:28:19.366] [10:28:19.366] <<< CAN RX [EXT] ID=0x14ECFF01  Data: 11 01 56 FF 00 00 E0 00  (#106630)
[10:28:19.367] [DIAG-PF] CAN ID=0x14ECFF01 PF=0xEC (TP.DT=0xEB)
[10:28:19.367] [10:28:19.367] <<< CAN RX [EXT] ID=0x14ECFF01  Data: 11 01 57 FF 00 00 E0 00  (#106632)
[10:28:19.369] [DIAG-PF] CAN ID=0x14ECFF01 PF=0xEC (TP.DT=0xEB)
[10:28:19.370] [10:28:19.370] <<< CAN RX [EXT] ID=0x14ECFF01  Data: 11 01 58 FF 00 00 E0 00  (#106635)
[10:28:19.371] [DIAG-PF] CAN ID=0x14ECFF01 PF=0xEC (TP.DT=0xEB)
[10:28:19.371] [10:28:19.371] <<< CAN RX [EXT] ID=0x14ECFF01  Data: 11 01 59 FF 00 00 E0 00  (#106637)
[10:28:19.373] [DIAG-PF] CAN ID=0x14ECFF01 PF=0xEC (TP.DT=0xEB)
[10:28:19.373] [10:28:19.373] <<< CAN RX [EXT] ID=0x14ECFF01  Data: 11 01 5A FF 00 00 E0 00  (#106638)
[10:28:19.375] [DIAG-PF] CAN ID=0x14ECFF01 PF=0xEC (TP.DT=0xEB)
[10:28:19.376] [10:28:19.376] <<< CAN RX [EXT] ID=0x14ECFF01  Data: 11 01 5B FF 00 00 E0 00  (#106641)
[10:28:19.377] [DIAG-PF] CAN ID=0x14ECFF01 PF=0xEC (TP.DT=0xEB)
[10:28:19.377] [10:28:19.377] <<< CAN RX [EXT] ID=0x14ECFF01  Data: 11 01 5C FF 00 00 E0 00  (#106642)
[10:28:19.378] [DIAG-PF] CAN ID=0x14ECFF01 PF=0xEC (TP.DT=0xEB)
[10:28:19.378] [10:28:19.378] <<< CAN RX [EXT] ID=0x14ECFF01  Data: 11 01 5D FF 00 00 E0 00  (#106644)
[10:28:19.379] [DIAG-PF] CAN ID=0x14ECFF01 PF=0xEC (TP.DT=0xEB)
[10:28:19.379] [10:28:19.379] <<< CAN RX [EXT] ID=0x14ECFF01  Data: 11 01 5E FF 00 00 E0 00  (#106646)
[10:28:19.380] [DIAG-PF] CAN ID=0x14ECFF01 PF=0xEC (TP.DT=0xEB)
[10:28:19.380] [10:28:19.380] <<< CAN RX [EXT] ID=0x14ECFF01  Data: 11 01 5F FF 00 00 E0 00  (#106648)
[10:28:19.382] [DIAG-PF] CAN ID=0x14ECFF01 PF=0xEC (TP.DT=0xEB)
[10:28:19.382] [10:28:19.382] <<< CAN RX [EXT] ID=0x14ECFF01  Data: 11 01 60 FF 00 00 E0 00  (#106650)
[10:28:19.382] [DIAG] _append_log rx_text约53344行, CAN计数=106651
[10:28:19.383] [DIAG-PF] CAN ID=0x14ECFF01 PF=0xEC (TP.DT=0xEB)
[10:28:19.383] [10:28:19.383] <<< CAN RX [EXT] ID=0x14ECFF01  Data: 11 01 61 FF 00 00 E0 00  (#106652)
[10:28:19.385] [DIAG-PF] CAN ID=0x14ECFF01 PF=0xEC (TP.DT=0xEB)
[10:28:19.385] [10:28:19.385] <<< CAN RX [EXT] ID=0x14ECFF01  Data: 11 01 62 FF 00 00 E0 00  (#106654)
[10:28:19.386] [DIAG-PF] CAN ID=0x14ECFF01 PF=0xEC (TP.DT=0xEB)
[10:28:19.386] [10:28:19.386] <<< CAN RX [EXT] ID=0x14ECFF01  Data: 11 01 63 FF 00 00 E0 00  (#106656)
[10:28:19.387] [DIAG-PF] CAN ID=0x14ECFF01 PF=0xEC (TP.DT=0xEB)
[10:28:19.387] [10:28:19.387] <<< CAN RX [EXT] ID=0x14ECFF01  Data: 11 01 64 FF 00 00 E0 00  (#106658)
[10:28:19.390] [DIAG-PF] CAN ID=0x14ECFF01 PF=0xEC (TP.DT=0xEB)
[10:28:19.390] [10:28:19.390] <<< CAN RX [EXT] ID=0x14ECFF01  Data: 11 01 65 FF 00 00 E0 00  (#106661)
[10:28:19.391] [DIAG-PF] CAN ID=0x14ECFF01 PF=0xEC (TP.DT=0xEB)
[10:28:19.392] [10:28:19.391] <<< CAN RX [EXT] ID=0x14ECFF01  Data: 11 01 66 FF 00 00 E0 00  (#106662)
[10:28:19.393] [DIAG-PF] CAN ID=0x14ECFF01 PF=0xEC (TP.DT=0xEB)
[10:28:19.394] [10:28:19.393] <<< CAN RX [EXT] ID=0x14ECFF01  Data: 11 01 67 FF 00 00 E0 00  (#106665)
[10:28:19.395] [DIAG-PF] CAN ID=0x14ECFF01 PF=0xEC (TP.DT=0xEB)
[10:28:19.395] [10:28:19.395] <<< CAN RX [EXT] ID=0x14ECFF01  Data: 11 01 68 FF 00 00 E0 00  (#106666)
[10:28:19.396] [DIAG-PF] CAN ID=0x14ECFF01 PF=0xEC (TP.DT=0xEB)
[10:28:19.396] [10:28:19.396] <<< CAN RX [EXT] ID=0x14ECFF01  Data: 11 01 69 FF 00 00 E0 00  (#106668)
[10:28:19.397] [DIAG-PF] CAN ID=0x14ECFF01 PF=0xEC (TP.DT=0xEB)
[10:28:19.397] [10:28:19.397] <<< CAN RX [EXT] ID=0x14ECFF01  Data: 11 01 6A FF 00 00 E0 00  (#106670)
[10:28:19.398] [DIAG-PF] CAN ID=0x14ECFF01 PF=0xEC (TP.DT=0xEB)
[10:28:19.398] [10:28:19.398] <<< CAN RX [EXT] ID=0x14ECFF01  Data: 11 01 6B FF 00 00 E0 00  (#106672)
[10:28:19.399] [DIAG-PF] CAN ID=0x14ECFF01 PF=0xEC (TP.DT=0xEB)
[10:28:19.399] [10:28:19.399] <<< CAN RX [EXT] ID=0x14ECFF01  Data: 11 01 6C FF 00 00 E0 00  (#106674)
[10:28:19.401] [DIAG-PF] CAN ID=0x14ECFF01 PF=0xEC (TP.DT=0xEB)
[10:28:19.401] [10:28:19.401] <<< CAN RX [EXT] ID=0x14ECFF01  Data: 11 01 6D FF 00 00 E0 00  (#106676)
[10:28:19.402] [DIAG-PF] CAN ID=0x14ECFF01 PF=0xEC (TP.DT=0xEB)
[10:28:19.402] [10:28:19.402] <<< CAN RX [EXT] ID=0x14ECFF01  Data: 11 01 6E FF 00 00 E0 00  (#106678)
[10:28:19.405] [DIAG-PF] CAN ID=0x14ECFF01 PF=0xEC (TP.DT=0xEB)
[10:28:19.405] [10:28:19.405] <<< CAN RX [EXT] ID=0x14ECFF01  Data: 11 01 6F FF 00 00 E0 00  (#106681)
[10:28:19.407] [DIAG-PF] CAN ID=0x14ECFF01 PF=0xEC (TP.DT=0xEB)
[10:28:19.408] [10:28:19.407] <<< CAN RX [EXT] ID=0x14ECFF01  Data: 11 01 70 FF 00 00 E0 00  (#106683)
[10:28:19.408] [DIAG-PF] CAN ID=0x14ECFF01 PF=0xEC (TP.DT=0xEB)
[10:28:19.409] [10:28:19.408] <<< CAN RX [EXT] ID=0x14ECFF01  Data: 11 01 71 FF 00 00 E0 00  (#106684)
[10:28:19.410] [DIAG-PF] CAN ID=0x14ECFF01 PF=0xEC (TP.DT=0xEB)
[10:28:19.410] [10:28:19.410] <<< CAN RX [EXT] ID=0x14ECFF01  Data: 11 01 72 FF 00 00 E0 00  (#106686)
[10:28:19.411] [DIAG-PF] CAN ID=0x14ECFF01 PF=0xEC (TP.DT=0xEB)
[10:28:19.411] [10:28:19.411] <<< CAN RX [EXT] ID=0x14ECFF01  Data: 11 01 73 FF 00 00 E0 00  (#106688)
[10:28:19.412] [DIAG-PF] CAN ID=0x14ECFF01 PF=0xEC (TP.DT=0xEB)
[10:28:19.412] [10:28:19.412] <<< CAN RX [EXT] ID=0x14ECFF01  Data: 11 01 74 FF 00 00 E0 00  (#106690)
[10:28:19.413] [DIAG-PF] CAN ID=0x14ECFF01 PF=0xEC (TP.DT=0xEB)
[10:28:19.413] [10:28:19.413] <<< CAN RX [EXT] ID=0x14ECFF01  Data: 11 01 75 FF 00 00 E0 00  (#106692)
[10:28:19.414] [DIAG-PF] CAN ID=0x14ECFF01 PF=0xEC (TP.DT=0xEB)
[10:28:19.414] [10:28:19.414] <<< CAN RX [EXT] ID=0x14ECFF01  Data: 11 01 76 FF 00 00 E0 00  (#106694)
[10:28:19.415] [DIAG-PF] CAN ID=0x14ECFF01 PF=0xEC (TP.DT=0xEB)
[10:28:19.415] [10:28:19.415] <<< CAN RX [EXT] ID=0x14ECFF01  Data: 11 01 77 FF 00 00 E0 00  (#106696)
[10:28:19.417] [DIAG-PF] CAN ID=0x14ECFF01 PF=0xEC (TP.DT=0xEB)
[10:28:19.417] [10:28:19.417] <<< CAN RX [EXT] ID=0x14ECFF01  Data: 11 01 78 FF 00 00 E0 00  (#106698)
[10:28:19.419] [DIAG-PF] CAN ID=0x14ECFF01 PF=0xEC (TP.DT=0xEB)
[10:28:19.419] [10:28:19.419] <<< CAN RX [EXT] ID=0x14ECFF01  Data: 11 01 79 FF 00 00 E0 00  (#106701)
[10:28:19.420] [DIAG] _append_log rx_text约53369行, CAN计数=106701
[10:28:19.421] [DIAG-PF] CAN ID=0x14ECFF01 PF=0xEC (TP.DT=0xEB)
[10:28:19.421] [10:28:19.421] <<< CAN RX [EXT] ID=0x14ECFF01  Data: 11 01 7A FF 00 00 E0 00  (#106702)
[10:28:19.422] [DIAG-PF] CAN ID=0x14ECFF01 PF=0xEC (TP.DT=0xEB)
[10:28:19.422] [10:28:19.422] <<< CAN RX [EXT] ID=0x14ECFF01  Data: 11 01 7B FF 00 00 E0 00  (#106704)
[10:28:19.424] [DIAG-PF] CAN ID=0x14ECFF01 PF=0xEC (TP.DT=0xEB)
[10:28:19.424] [10:28:19.424] <<< CAN RX [EXT] ID=0x14ECFF01  Data: 11 01 7C FF 00 00 E0 00  (#106707)
[10:28:19.425] [DIAG-PF] CAN ID=0x14ECFF01 PF=0xEC (TP.DT=0xEB)
[10:28:19.425] [10:28:19.425] <<< CAN RX [EXT] ID=0x14ECFF01  Data: 11 01 7D FF 00 00 E0 00  (#106709)
[10:28:19.426] [DIAG-PF] CAN ID=0x14ECFF01 PF=0xEC (TP.DT=0xEB)
[10:28:19.426] [10:28:19.426] <<< CAN RX [EXT] ID=0x14ECFF01  Data: 11 01 7E FF 00 00 E0 00  (#106711)
[10:28:19.427] [DIAG-PF] CAN ID=0x14ECFF01 PF=0xEC (TP.DT=0xEB)
[10:28:19.427] [10:28:19.427] <<< CAN RX [EXT] ID=0x14ECFF01  Data: 11 01 7F FF 00 00 E0 00  (#106713)
[10:28:19.428] [DIAG-PF] CAN ID=0x14ECFF01 PF=0xEC (TP.DT=0xEB)
[10:28:19.429] [10:28:19.428] <<< CAN RX [EXT] ID=0x14ECFF01  Data: 11 01 80 FF 00 00 E0 00  (#106715)
[10:28:19.431] [DIAG-PF] CAN ID=0x14ECFF01 PF=0xEC (TP.DT=0xEB)
[10:28:19.431] [10:28:19.431] <<< CAN RX [EXT] ID=0x14ECFF01  Data: 11 01 81 FF 00 00 E0 00  (#106717)
[10:28:19.433] [DIAG-PF] CAN ID=0x14ECFF01 PF=0xEC (TP.DT=0xEB)
[10:28:19.433] [10:28:19.433] <<< CAN RX [EXT] ID=0x14ECFF01  Data: 11 01 82 FF 00 00 E0 00  (#106719)
[10:28:19.434] [DIAG-PF] CAN ID=0x14ECFF01 PF=0xEC (TP.DT=0xEB)
[10:28:19.434] [10:28:19.434] <<< CAN RX [EXT] ID=0x14ECFF01  Data: 11 01 83 FF 00 00 E0 00  (#106721)
[10:28:19.435] [DIAG-PF] CAN ID=0x14ECFF01 PF=0xEC (TP.DT=0xEB)
[10:28:19.435] [10:28:19.435] <<< CAN RX [EXT] ID=0x14ECFF01  Data: 11 01 84 FF 00 00 E0 00  (#106722)
[10:28:19.437] [DIAG-PF] CAN ID=0x14ECFF01 PF=0xEC (TP.DT=0xEB)
[10:28:19.438] [10:28:19.438] <<< CAN RX [EXT] ID=0x14ECFF01  Data: 11 01 85 FF 00 00 E0 00  (#106725)
[10:28:19.439] [DIAG-PF] CAN ID=0x14ECFF01 PF=0xEC (TP.DT=0xEB)
[10:28:19.439] [10:28:19.439] <<< CAN RX [EXT] ID=0x14ECFF01  Data: 11 01 86 FF 00 00 E0 00  (#106727)
[10:28:19.440] [DIAG-PF] CAN ID=0x14ECFF01 PF=0xEC (TP.DT=0xEB)
[10:28:19.440] [10:28:19.440] <<< CAN RX [EXT] ID=0x14ECFF01  Data: 11 01 87 FF 00 00 E0 00  (#106729)
[10:28:19.441] [DIAG-PF] CAN ID=0x14ECFF01 PF=0xEC (TP.DT=0xEB)
[10:28:19.441] [10:28:19.441] <<< CAN RX [EXT] ID=0x14ECFF01  Data: 11 01 88 FF 00 00 E0 00  (#106731)
[10:28:19.442] [DIAG-TIME] 包52910/52910: 写=5436.7ms 等=31045.9ms 均写=103us/包 均等=587us/包
[10:28:19.442] [DIAG-PF] CAN ID=0x14ECFF01 PF=0xEC (TP.DT=0xEB)
[10:28:19.442] [10:28:19.442] <<< CAN RX [EXT] ID=0x14ECFF01  Data: 11 01 89 FF 00 00 E0 00  (#106733)
[10:28:19.443] [DIAG-PF] CAN ID=0x14ECFF01 PF=0xEC (TP.DT=0xEB)
[10:28:19.443] [10:28:19.443] <<< CAN RX [EXT] ID=0x14ECFF01  Data: 11 01 8A FF 00 00 E0 00  (#106735)
[10:28:19.444] [DIAG-PF] CAN ID=0x14ECFF01 PF=0xEC (TP.DT=0xEB)
[10:28:19.445] [10:28:19.444] <<< CAN RX [EXT] ID=0x14ECFF01  Data: 11 01 8B FF 00 00 E0 00  (#106737)
[10:28:19.445] [DIAG-PF] CAN ID=0x14ECFF01 PF=0xEC (TP.DT=0xEB)
[10:28:19.446] [10:28:19.446] <<< CAN RX [EXT] ID=0x14ECFF01  Data: 11 01 8C FF 00 00 E0 00  (#106739)
[10:28:19.447] [DIAG-PF] CAN ID=0x14ECFF01 PF=0xEC (TP.DT=0xEB)
[10:28:19.447] [10:28:19.447] <<< CAN RX [EXT] ID=0x14ECFF01  Data: 11 01 8D FF 00 00 E0 00  (#106741)
[10:28:19.448] [DIAG-PF] CAN ID=0x14ECFF01 PF=0xEC (TP.DT=0xEB)
[10:28:19.448] [10:28:19.448] <<< CAN RX [EXT] ID=0x14ECFF01  Data: 11 01 8E FF 00 00 E0 00  (#106743)
[10:28:19.449] [DIAG-PF] CAN ID=0x14ECFF01 PF=0xEC (TP.DT=0xEB)
[10:28:19.449] [10:28:19.449] <<< CAN RX [EXT] ID=0x14ECFF01  Data: 11 01 8F FF 00 00 E0 00  (#106745)
[10:28:19.450] [DIAG-PF] CAN ID=0x14ECFF01 PF=0xEC (TP.DT=0xEB)
[10:28:19.450] [10:28:19.450] <<< CAN RX [EXT] ID=0x14ECFF01  Data: 11 01 90 FF 00 00 E0 00  (#106747)
[10:28:19.451] [DIAG-PF] CAN ID=0x14ECFF01 PF=0xEC (TP.DT=0xEB)
[10:28:19.452] [10:28:19.452] <<< CAN RX [EXT] ID=0x14ECFF01  Data: 11 01 91 FF 00 00 E0 00  (#106749)
[10:28:19.455] [DIAG-PF] CAN ID=0x14ECFF01 PF=0xEC (TP.DT=0xEB)
[10:28:19.455] [10:28:19.455] <<< CAN RX [EXT] ID=0x14ECFF01  Data: 11 01 92 FF 00 00 E0 00  (#106751)
[10:28:19.456] [DIAG] _append_log rx_text约53394行, CAN计数=106751
[10:28:19.457] [DIAG-PF] CAN ID=0x14ECFF01 PF=0xEC (TP.DT=0xEB)
[10:28:19.457] [10:28:19.457] <<< CAN RX [EXT] ID=0x14ECFF01  Data: 11 01 93 FF 00 00 E0 00  (#106752)
[10:28:19.470] [DIAG-PF] CAN ID=0x14ECFF01 PF=0xEC (TP.DT=0xEB)
[10:28:19.470] [10:28:19.470] <<< CAN RX [EXT] ID=0x14ECFF01  Data: 13 00 04 93 00 00 E0 00  (#106754)
[10:28:19.471] [DIAG-PF] CAN ID=0x14ECFF01 PF=0xEC (TP.DT=0xEB)
[10:28:19.471] [10:28:19.471] <<< CAN RX [EXT] ID=0x14ECFF01  Data: 11 01 01 FF 00 00 E0 00  (#106756)
[10:28:19.473] [DIAG-PF] CAN ID=0x14ECFF01 PF=0xEC (TP.DT=0xEB)
[10:28:19.473] [10:28:19.473] <<< CAN RX [EXT] ID=0x14ECFF01  Data: 11 01 02 FF 00 00 E0 00  (#106759)
[10:28:19.475] [DIAG-PF] CAN ID=0x14ECFF01 PF=0xEC (TP.DT=0xEB)
[10:28:19.475] [10:28:19.475] <<< CAN RX [EXT] ID=0x14ECFF01  Data: 11 01 03 FF 00 00 E0 00  (#106760)
[10:28:19.476] [DIAG-PF] CAN ID=0x14ECFF01 PF=0xEC (TP.DT=0xEB)
[10:28:19.476] [10:28:19.476] <<< CAN RX [EXT] ID=0x14ECFF01  Data: 11 01 04 FF 00 00 E0 00  (#106762)
[10:28:19.477] [DIAG-PF] CAN ID=0x14ECFF01 PF=0xEC (TP.DT=0xEB)
[10:28:19.477] [10:28:19.477] <<< CAN RX [EXT] ID=0x14ECFF01  Data: 11 01 05 FF 00 00 E0 00  (#106764)
[10:28:19.478] [DIAG-PF] CAN ID=0x14ECFF01 PF=0xEC (TP.DT=0xEB)
[10:28:19.478] [10:28:19.478] <<< CAN RX [EXT] ID=0x14ECFF01  Data: 11 01 06 FF 00 00 E0 00  (#106766)
[10:28:19.480] [DIAG-PF] CAN ID=0x14ECFF01 PF=0xEC (TP.DT=0xEB)
[10:28:19.480] [10:28:19.480] <<< CAN RX [EXT] ID=0x14ECFF01  Data: 11 01 07 FF 00 00 E0 00  (#106768)
[10:28:19.481] [DIAG-PF] CAN ID=0x14ECFF01 PF=0xEC (TP.DT=0xEB)
[10:28:19.481] [10:28:19.481] <<< CAN RX [EXT] ID=0x14ECFF01  Data: 11 01 08 FF 00 00 E0 00  (#106770)
[10:28:19.482] [DIAG-PF] CAN ID=0x14ECFF01 PF=0xEC (TP.DT=0xEB)
[10:28:19.482] [10:28:19.482] <<< CAN RX [EXT] ID=0x14ECFF01  Data: 11 01 09 FF 00 00 E0 00  (#106772)
[10:28:19.483] [DIAG-PF] CAN ID=0x14ECFF01 PF=0xEC (TP.DT=0xEB)
[10:28:19.483] [10:28:19.483] <<< CAN RX [EXT] ID=0x14ECFF01  Data: 11 01 0A FF 00 00 E0 00  (#106774)
[10:28:19.484] [DIAG-PF] CAN ID=0x14ECFF01 PF=0xEC (TP.DT=0xEB)
[10:28:19.485] [10:28:19.484] <<< CAN RX [EXT] ID=0x14ECFF01  Data: 11 01 0B FF 00 00 E0 00  (#106776)
[10:28:19.485] [DIAG-PF] CAN ID=0x14ECFF01 PF=0xEC (TP.DT=0xEB)
[10:28:19.486] [10:28:19.486] <<< CAN RX [EXT] ID=0x14ECFF01  Data: 11 01 0C FF 00 00 E0 00  (#106778)
[10:28:19.487] [DIAG-PF] CAN ID=0x14ECFF01 PF=0xEC (TP.DT=0xEB)
[10:28:19.487] [10:28:19.487] <<< CAN RX [EXT] ID=0x14ECFF01  Data: 11 01 0D FF 00 00 E0 00  (#106780)
[10:28:19.487] [DIAG-PF] CAN ID=0x14ECFF01 PF=0xEC (TP.DT=0xEB)
[10:28:19.488] [10:28:19.487] <<< CAN RX [EXT] ID=0x14ECFF01  Data: 11 01 0E FF 00 00 E0 00  (#106782)
[10:28:19.489] [DIAG-PF] CAN ID=0x14ECFF01 PF=0xEC (TP.DT=0xEB)
[10:28:19.489] [10:28:19.489] <<< CAN RX [EXT] ID=0x14ECFF01  Data: 11 01 0F FF 00 00 E0 00  (#106784)
[10:28:19.490] [DIAG-PF] CAN ID=0x14ECFF01 PF=0xEC (TP.DT=0xEB)
[10:28:19.490] [10:28:19.490] <<< CAN RX [EXT] ID=0x14ECFF01  Data: 11 01 10 FF 00 00 E0 00  (#106786)
[10:28:19.491] [DIAG-PF] CAN ID=0x14ECFF01 PF=0xEC (TP.DT=0xEB)
[10:28:19.491] [10:28:19.491] <<< CAN RX [EXT] ID=0x14ECFF01  Data: 11 01 11 FF 00 00 E0 00  (#106788)
[10:28:19.492] [DIAG-PF] CAN ID=0x14ECFF01 PF=0xEC (TP.DT=0xEB)
[10:28:19.492] [10:28:19.492] <<< CAN RX [EXT] ID=0x14ECFF01  Data: 11 01 12 FF 00 00 E0 00  (#106790)
[10:28:19.495] [DIAG-PF] CAN ID=0x14ECFF01 PF=0xEC (TP.DT=0xEB)
[10:28:19.495] [10:28:19.495] <<< CAN RX [EXT] ID=0x14ECFF01  Data: 11 01 13 FF 00 00 E0 00  (#106793)
[10:28:19.497] [DIAG-PF] CAN ID=0x14ECFF01 PF=0xEC (TP.DT=0xEB)
[10:28:19.497] [10:28:19.497] <<< CAN RX [EXT] ID=0x14ECFF01  Data: 11 01 14 FF 00 00 E0 00  (#106794)
[10:28:19.498] [DIAG-PF] CAN ID=0x14ECFF01 PF=0xEC (TP.DT=0xEB)
[10:28:19.498] [10:28:19.498] <<< CAN RX [EXT] ID=0x14ECFF01  Data: 11 01 15 FF 00 00 E0 00  (#106797)
[10:28:19.500] [DIAG-PF] CAN ID=0x14ECFF01 PF=0xEC (TP.DT=0xEB)
[10:28:19.500] [10:28:19.500] <<< CAN RX [EXT] ID=0x14ECFF01  Data: 11 01 16 FF 00 00 E0 00  (#106798)
[10:28:19.502] [DIAG-PF] CAN ID=0x14ECFF01 PF=0xEC (TP.DT=0xEB)
[10:28:19.502] [DIAG] _log_rx called, total RX bytes=1281600, CAN count=106799
[10:28:19.502] [10:28:19.502] <<< CAN RX [EXT] ID=0x14ECFF01  Data: 11 01 17 FF 00 00 E0 00  (#106800)
[10:28:19.502] [DIAG] _append_log rx_text约53419行, CAN计数=106801
[10:28:19.503] [DIAG-PF] CAN ID=0x14ECFF01 PF=0xEC (TP.DT=0xEB)
[10:28:19.503] [10:28:19.503] <<< CAN RX [EXT] ID=0x14ECFF01  Data: 11 01 18 FF 00 00 E0 00  (#106802)
[10:28:19.504] [DIAG-PF] CAN ID=0x14ECFF01 PF=0xEC (TP.DT=0xEB)
[10:28:19.504] [10:28:19.504] <<< CAN RX [EXT] ID=0x14ECFF01  Data: 11 01 19 FF 00 00 E0 00  (#106804)
[10:28:19.505] [DIAG-PF] CAN ID=0x14ECFF01 PF=0xEC (TP.DT=0xEB)
[10:28:19.505] [10:28:19.505] <<< CAN RX [EXT] ID=0x14ECFF01  Data: 11 01 1A FF 00 00 E0 00  (#106806)
[10:28:19.506] [DIAG-PF] CAN ID=0x14ECFF01 PF=0xEC (TP.DT=0xEB)
[10:28:19.506] [10:28:19.506] <<< CAN RX [EXT] ID=0x14ECFF01  Data: 11 01 1B FF 00 00 E0 00  (#106808)
[10:28:19.507] [DIAG-PF] CAN ID=0x14ECFF01 PF=0xEC (TP.DT=0xEB)
[10:28:19.507] [10:28:19.507] <<< CAN RX [EXT] ID=0x14ECFF01  Data: 11 01 1C FF 00 00 E0 00  (#106810)
[10:28:19.509] [DIAG-PF] CAN ID=0x14ECFF01 PF=0xEC (TP.DT=0xEB)
[10:28:19.509] [10:28:19.509] <<< CAN RX [EXT] ID=0x14ECFF01  Data: 11 01 1D FF 00 00 E0 00  (#106812)
[10:28:19.510] [DIAG-PF] CAN ID=0x14ECFF01 PF=0xEC (TP.DT=0xEB)
[10:28:19.510] [10:28:19.510] <<< CAN RX [EXT] ID=0x14ECFF01  Data: 11 01 1E FF 00 00 E0 00  (#106814)
[10:28:19.511] [DIAG-PF] CAN ID=0x14ECFF01 PF=0xEC (TP.DT=0xEB)
[10:28:19.511] [10:28:19.511] <<< CAN RX [EXT] ID=0x14ECFF01  Data: 11 01 1F FF 00 00 E0 00  (#106816)
[10:28:19.514] [DIAG-PF] CAN ID=0x14ECFF01 PF=0xEC (TP.DT=0xEB)
[10:28:19.514] [10:28:19.514] <<< CAN RX [EXT] ID=0x14ECFF01  Data: 11 01 20 FF 00 00 E0 00  (#106819)
[10:28:19.515] [DIAG-PF] CAN ID=0x14ECFF01 PF=0xEC (TP.DT=0xEB)
[10:28:19.516] [10:28:19.515] <<< CAN RX [EXT] ID=0x14ECFF01  Data: 11 01 21 FF 00 00 E0 00  (#106820)
[10:28:19.517] [DIAG-PF] CAN ID=0x14ECFF01 PF=0xEC (TP.DT=0xEB)
[10:28:19.517] [10:28:19.517] <<< CAN RX [EXT] ID=0x14ECFF01  Data: 11 01 22 FF 00 00 E0 00  (#106822)
[10:28:19.518] [DIAG-PF] CAN ID=0x14ECFF01 PF=0xEC (TP.DT=0xEB)
[10:28:19.518] [10:28:19.518] <<< CAN RX [EXT] ID=0x14ECFF01  Data: 11 01 23 FF 00 00 E0 00  (#106824)
[10:28:19.520] [DIAG-PF] CAN ID=0x14ECFF01 PF=0xEC (TP.DT=0xEB)
[10:28:19.521] [10:28:19.520] <<< CAN RX [EXT] ID=0x14ECFF01  Data: 11 01 24 FF 00 00 E0 00  (#106827)
[10:28:19.523] [DIAG-PF] CAN ID=0x14ECFF01 PF=0xEC (TP.DT=0xEB)
[10:28:19.523] [10:28:19.523] <<< CAN RX [EXT] ID=0x14ECFF01  Data: 11 01 25 FF 00 00 E0 00  (#106828)
[10:28:19.524] [DIAG-PF] CAN ID=0x14ECFF01 PF=0xEC (TP.DT=0xEB)
[10:28:19.524] [10:28:19.524] <<< CAN RX [EXT] ID=0x14ECFF01  Data: 11 01 26 FF 00 00 E0 00  (#106830)
[10:28:19.525] [DIAG-PF] CAN ID=0x14ECFF01 PF=0xEC (TP.DT=0xEB)
[10:28:19.525] [10:28:19.525] <<< CAN RX [EXT] ID=0x14ECFF01  Data: 11 01 27 FF 00 00 E0 00  (#106832)
[10:28:19.526] [DIAG-PF] CAN ID=0x14ECFF01 PF=0xEC (TP.DT=0xEB)
[10:28:19.526] [10:28:19.526] <<< CAN RX [EXT] ID=0x14ECFF01  Data: 11 01 28 FF 00 00 E0 00  (#106834)
[10:28:19.527] [DIAG-PF] CAN ID=0x14ECFF01 PF=0xEC (TP.DT=0xEB)
[10:28:19.527] [10:28:19.527] <<< CAN RX [EXT] ID=0x14ECFF01  Data: 11 01 29 FF 00 00 E0 00  (#106836)
[10:28:19.529] [DIAG-PF] CAN ID=0x14ECFF01 PF=0xEC (TP.DT=0xEB)
[10:28:19.529] [10:28:19.529] <<< CAN RX [EXT] ID=0x14ECFF01  Data: 11 01 2A FF 00 00 E0 00  (#106838)
[10:28:19.530] [DIAG-PF] CAN ID=0x14ECFF01 PF=0xEC (TP.DT=0xEB)
[10:28:19.530] [10:28:19.530] <<< CAN RX [EXT] ID=0x14ECFF01  Data: 11 01 2B FF 00 00 E0 00  (#106840)
[10:28:19.531] [DIAG-PF] CAN ID=0x14ECFF01 PF=0xEC (TP.DT=0xEB)
[10:28:19.531] [10:28:19.531] <<< CAN RX [EXT] ID=0x14ECFF01  Data: 11 01 2C FF 00 00 E0 00  (#106842)
[10:28:19.532] [DIAG-PF] CAN ID=0x14ECFF01 PF=0xEC (TP.DT=0xEB)
[10:28:19.532] [10:28:19.532] <<< CAN RX [EXT] ID=0x14ECFF01  Data: 11 01 2D FF 00 00 E0 00  (#106844)
[10:28:19.535] [DIAG-PF] CAN ID=0x14ECFF01 PF=0xEC (TP.DT=0xEB)
[10:28:19.535] [10:28:19.535] <<< CAN RX [EXT] ID=0x14ECFF01  Data: 11 01 2E FF 00 00 E0 00  (#106847)
[10:28:19.536] [DIAG-PF] CAN ID=0x14ECFF01 PF=0xEC (TP.DT=0xEB)
[10:28:19.537] [10:28:19.536] <<< CAN RX [EXT] ID=0x14ECFF01  Data: 11 01 2F FF 00 00 E0 00  (#106848)
[10:28:19.538] [DIAG-PF] CAN ID=0x14ECFF01 PF=0xEC (TP.DT=0xEB)
[10:28:19.538] [10:28:19.538] <<< CAN RX [EXT] ID=0x14ECFF01  Data: 11 01 30 FF 00 00 E0 00  (#106850)
[10:28:19.538] [DIAG] _append_log rx_text约53444行, CAN计数=106851
[10:28:19.539] [DIAG-PF] CAN ID=0x14ECFF01 PF=0xEC (TP.DT=0xEB)
[10:28:19.539] [10:28:19.539] <<< CAN RX [EXT] ID=0x14ECFF01  Data: 11 01 31 FF 00 00 E0 00  (#106852)
[10:28:19.540] [DIAG-PF] CAN ID=0x14ECFF01 PF=0xEC (TP.DT=0xEB)
[10:28:19.540] [10:28:19.540] <<< CAN RX [EXT] ID=0x14ECFF01  Data: 11 01 32 FF 00 00 E0 00  (#106854)
[10:28:19.541] [DIAG-PF] CAN ID=0x14ECFF01 PF=0xEC (TP.DT=0xEB)
[10:28:19.541] [10:28:19.541] <<< CAN RX [EXT] ID=0x14ECFF01  Data: 11 01 33 FF 00 00 E0 00  (#106856)
[10:28:19.544] [DIAG-PF] CAN ID=0x14ECFF01 PF=0xEC (TP.DT=0xEB)
[10:28:19.544] [10:28:19.544] <<< CAN RX [EXT] ID=0x14ECFF01  Data: 11 01 34 FF 00 00 E0 00  (#106859)
[10:28:19.545] [DIAG-PF] CAN ID=0x14ECFF01 PF=0xEC (TP.DT=0xEB)
[10:28:19.545] [10:28:19.545] <<< CAN RX [EXT] ID=0x14ECFF01  Data: 11 01 35 FF 00 00 E0 00  (#106860)
[10:28:19.546] [DIAG-PF] CAN ID=0x14ECFF01 PF=0xEC (TP.DT=0xEB)
[10:28:19.546] [10:28:19.546] <<< CAN RX [EXT] ID=0x14ECFF01  Data: 11 01 36 FF 00 00 E0 00  (#106862)
[10:28:19.547] [DIAG-PF] CAN ID=0x14ECFF01 PF=0xEC (TP.DT=0xEB)
[10:28:19.547] [10:28:19.547] <<< CAN RX [EXT] ID=0x14ECFF01  Data: 11 01 37 FF 00 00 E0 00  (#106864)
[10:28:19.548] [DIAG-PF] CAN ID=0x14ECFF01 PF=0xEC (TP.DT=0xEB)
[10:28:19.549] [10:28:19.548] <<< CAN RX [EXT] ID=0x14ECFF01  Data: 11 01 38 FF 00 00 E0 00  (#106866)
[10:28:19.551] [DIAG-PF] CAN ID=0x14ECFF01 PF=0xEC (TP.DT=0xEB)
[10:28:19.551] [10:28:19.551] <<< CAN RX [EXT] ID=0x14ECFF01  Data: 11 01 39 FF 00 00 E0 00  (#106868)
[10:28:19.552] [DIAG-PF] CAN ID=0x14ECFF01 PF=0xEC (TP.DT=0xEB)
[10:28:19.552] [10:28:19.552] <<< CAN RX [EXT] ID=0x14ECFF01  Data: 11 01 3A FF 00 00 E0 00  (#106870)
[10:28:19.553] [DIAG-PF] CAN ID=0x14ECFF01 PF=0xEC (TP.DT=0xEB)
[10:28:19.553] [10:28:19.553] <<< CAN RX [EXT] ID=0x14ECFF01  Data: 11 01 3B FF 00 00 E0 00  (#106872)
[10:28:19.554] [DIAG-PF] CAN ID=0x14ECFF01 PF=0xEC (TP.DT=0xEB)
[10:28:19.555] [10:28:19.554] <<< CAN RX [EXT] ID=0x14ECFF01  Data: 11 01 3C FF 00 00 E0 00  (#106875)
[10:28:19.555] [DIAG-PF] CAN ID=0x14ECFF01 PF=0xEC (TP.DT=0xEB)
[10:28:19.556] [10:28:19.556] <<< CAN RX [EXT] ID=0x14ECFF01  Data: 11 01 3D FF 00 00 E0 00  (#106877)
[10:28:19.557] [DIAG-PF] CAN ID=0x14ECFF01 PF=0xEC (TP.DT=0xEB)
[10:28:19.557] [10:28:19.557] <<< CAN RX [EXT] ID=0x14ECFF01  Data: 11 01 3E FF 00 00 E0 00  (#106879)
[10:28:19.558] [DIAG-PF] CAN ID=0x14ECFF01 PF=0xEC (TP.DT=0xEB)
[10:28:19.558] [10:28:19.558] <<< CAN RX [EXT] ID=0x14ECFF01  Data: 11 01 3F FF 00 00 E0 00  (#106881)
[10:28:19.559] [DIAG-PF] CAN ID=0x14ECFF01 PF=0xEC (TP.DT=0xEB)
[10:28:19.559] [10:28:19.559] <<< CAN RX [EXT] ID=0x14ECFF01  Data: 11 01 40 FF 00 00 E0 00  (#106883)
[10:28:19.560] [DIAG-PF] CAN ID=0x14ECFF01 PF=0xEC (TP.DT=0xEB)
[10:28:19.561] [10:28:19.560] <<< CAN RX [EXT] ID=0x14ECFF01  Data: 11 01 41 FF 00 00 E0 00  (#106885)
[10:28:19.562] [DIAG-PF] CAN ID=0x14ECFF01 PF=0xEC (TP.DT=0xEB)
[10:28:19.563] [10:28:19.562] <<< CAN RX [EXT] ID=0x14ECFF01  Data: 11 01 42 FF 00 00 E0 00  (#106887)
[10:28:19.563] [DIAG-PF] CAN ID=0x14ECFF01 PF=0xEC (TP.DT=0xEB)
[10:28:19.564] [10:28:19.564] <<< CAN RX [EXT] ID=0x14ECFF01  Data: 11 01 43 FF 00 00 E0 00  (#106889)
[10:28:19.564] [DIAG-PF] CAN ID=0x14ECFF01 PF=0xEC (TP.DT=0xEB)
[10:28:19.565] [10:28:19.565] <<< CAN RX [EXT] ID=0x14ECFF01  Data: 11 01 44 FF 00 00 E0 00  (#106891)
[10:28:19.566] [DIAG-PF] CAN ID=0x14ECFF01 PF=0xEC (TP.DT=0xEB)
[10:28:19.566] [10:28:19.566] <<< CAN RX [EXT] ID=0x14ECFF01  Data: 11 01 45 FF 00 00 E0 00  (#106893)
[10:28:19.567] [DIAG-PF] CAN ID=0x14ECFF01 PF=0xEC (TP.DT=0xEB)
[10:28:19.567] [10:28:19.567] <<< CAN RX [EXT] ID=0x14ECFF01  Data: 11 01 46 FF 00 00 E0 00  (#106895)
[10:28:19.568] [DIAG-PF] CAN ID=0x14ECFF01 PF=0xEC (TP.DT=0xEB)
[10:28:19.568] [10:28:19.568] <<< CAN RX [EXT] ID=0x14ECFF01  Data: 11 01 47 FF 00 00 E0 00  (#106897)
[10:28:19.569] [DIAG-PF] CAN ID=0x14ECFF01 PF=0xEC (TP.DT=0xEB)
[10:28:19.569] [10:28:19.569] <<< CAN RX [EXT] ID=0x14ECFF01  Data: 11 01 48 FF 00 00 E0 00  (#106899)
[10:28:19.570] [DIAG-PF] CAN ID=0x14ECFF01 PF=0xEC (TP.DT=0xEB)
[10:28:19.570] [10:28:19.570] <<< CAN RX [EXT] ID=0x14ECFF01  Data: 11 01 49 FF 00 00 E0 00  (#106901)
[10:28:19.570] [DIAG] _append_log rx_text约53469行, CAN计数=106901
[10:28:19.571] [DIAG-PF] CAN ID=0x14ECFF01 PF=0xEC (TP.DT=0xEB)
[10:28:19.571] [10:28:19.571] <<< CAN RX [EXT] ID=0x14ECFF01  Data: 11 01 4A FF 00 00 E0 00  (#106903)
[10:28:19.572] [DIAG-PF] CAN ID=0x14ECFF01 PF=0xEC (TP.DT=0xEB)
[10:28:19.572] [10:28:19.572] <<< CAN RX [EXT] ID=0x14ECFF01  Data: 11 01 4B FF 00 00 E0 00  (#106905)
[10:28:19.574] [DIAG-PF] CAN ID=0x14ECFF01 PF=0xEC (TP.DT=0xEB)
[10:28:19.574] [10:28:19.574] <<< CAN RX [EXT] ID=0x14ECFF01  Data: 11 01 4C FF 00 00 E0 00  (#106907)
[10:28:19.575] [DIAG-PF] CAN ID=0x14ECFF01 PF=0xEC (TP.DT=0xEB)
[10:28:19.575] [10:28:19.575] <<< CAN RX [EXT] ID=0x14ECFF01  Data: 11 01 4D FF 00 00 E0 00  (#106909)
[10:28:19.578] [DIAG-PF] CAN ID=0x14ECFF01 PF=0xEC (TP.DT=0xEB)
[10:28:19.579] [10:28:19.578] <<< CAN RX [EXT] ID=0x14ECFF01  Data: 11 01 4E FF 00 00 E0 00  (#106911)
[10:28:19.580] [DIAG-PF] CAN ID=0x14ECFF01 PF=0xEC (TP.DT=0xEB)
[10:28:19.580] [10:28:19.580] <<< CAN RX [EXT] ID=0x14ECFF01  Data: 11 01 4F FF 00 00 E0 00  (#106913)
[10:28:19.581] [DIAG-PF] CAN ID=0x14ECFF01 PF=0xEC (TP.DT=0xEB)
[10:28:19.581] [10:28:19.581] <<< CAN RX [EXT] ID=0x14ECFF01  Data: 11 01 50 FF 00 00 E0 00  (#106915)
[10:28:19.582] [DIAG-PF] CAN ID=0x14ECFF01 PF=0xEC (TP.DT=0xEB)
[10:28:19.582] [10:28:19.582] <<< CAN RX [EXT] ID=0x14ECFF01  Data: 11 01 51 FF 00 00 E0 00  (#106917)
[10:28:19.583] [DIAG-PF] CAN ID=0x14ECFF01 PF=0xEC (TP.DT=0xEB)
[10:28:19.583] [10:28:19.583] <<< CAN RX [EXT] ID=0x14ECFF01  Data: 11 01 52 FF 00 00 E0 00  (#106919)
[10:28:19.584] [DIAG-PF] CAN ID=0x14ECFF01 PF=0xEC (TP.DT=0xEB)
[10:28:19.585] [10:28:19.584] <<< CAN RX [EXT] ID=0x14ECFF01  Data: 11 01 53 FF 00 00 E0 00  (#106921)
[10:28:19.585] [DIAG-PF] CAN ID=0x14ECFF01 PF=0xEC (TP.DT=0xEB)
[10:28:19.586] [10:28:19.586] <<< CAN RX [EXT] ID=0x14ECFF01  Data: 11 01 54 FF 00 00 E0 00  (#106923)
[10:28:19.586] [DIAG-PF] CAN ID=0x14ECFF01 PF=0xEC (TP.DT=0xEB)
[10:28:19.587] [10:28:19.587] <<< CAN RX [EXT] ID=0x14ECFF01  Data: 11 01 55 FF 00 00 E0 00  (#106925)
[10:28:19.587] [DIAG-PF] CAN ID=0x14ECFF01 PF=0xEC (TP.DT=0xEB)
[10:28:19.588] [10:28:19.588] <<< CAN RX [EXT] ID=0x14ECFF01  Data: 11 01 56 FF 00 00 E0 00  (#106927)
[10:28:19.589] [DIAG-PF] CAN ID=0x14ECFF01 PF=0xEC (TP.DT=0xEB)
[10:28:19.589] [10:28:19.589] <<< CAN RX [EXT] ID=0x14ECFF01  Data: 11 01 57 FF 00 00 E0 00  (#106929)
[10:28:19.590] [DIAG-PF] CAN ID=0x14ECFF01 PF=0xEC (TP.DT=0xEB)
[10:28:19.590] [10:28:19.590] <<< CAN RX [EXT] ID=0x14ECFF01  Data: 11 01 58 FF 00 00 E0 00  (#106931)
[10:28:19.591] [DIAG-PF] CAN ID=0x14ECFF01 PF=0xEC (TP.DT=0xEB)
[10:28:19.591] [10:28:19.591] <<< CAN RX [EXT] ID=0x14ECFF01  Data: 11 01 59 FF 00 00 E0 00  (#106933)
[10:28:19.592] [DIAG-PF] CAN ID=0x14ECFF01 PF=0xEC (TP.DT=0xEB)
[10:28:19.592] [10:28:19.592] <<< CAN RX [EXT] ID=0x14ECFF01  Data: 11 01 5A FF 00 00 E0 00  (#106935)
[10:28:19.593] [DIAG-PF] CAN ID=0x14ECFF01 PF=0xEC (TP.DT=0xEB)
[10:28:19.593] [10:28:19.593] <<< CAN RX [EXT] ID=0x14ECFF01  Data: 11 01 5B FF 00 00 E0 00  (#106937)
[10:28:19.594] [DIAG-PF] CAN ID=0x14ECFF01 PF=0xEC (TP.DT=0xEB)
[10:28:19.595] [10:28:19.594] <<< CAN RX [EXT] ID=0x14ECFF01  Data: 11 01 5C FF 00 00 E0 00  (#106939)
[10:28:19.595] [DIAG-PF] CAN ID=0x14ECFF01 PF=0xEC (TP.DT=0xEB)
[10:28:19.596] [10:28:19.595] <<< CAN RX [EXT] ID=0x14ECFF01  Data: 11 01 5D FF 00 00 E0 00  (#106941)
[10:28:19.596] [DIAG-PF] CAN ID=0x14ECFF01 PF=0xEC (TP.DT=0xEB)
[10:28:19.597] [10:28:19.597] <<< CAN RX [EXT] ID=0x14ECFF01  Data: 11 01 5E FF 00 00 E0 00  (#106943)
[10:28:19.597] [DIAG-PF] CAN ID=0x14ECFF01 PF=0xEC (TP.DT=0xEB)
[10:28:19.598] [10:28:19.598] <<< CAN RX [EXT] ID=0x14ECFF01  Data: 11 01 5F FF 00 00 E0 00  (#106945)
[10:28:19.598] [DIAG-PF] CAN ID=0x14ECFF01 PF=0xEC (TP.DT=0xEB)
[10:28:19.599] [10:28:19.599] <<< CAN RX [EXT] ID=0x14ECFF01  Data: 11 01 60 FF 00 00 E0 00  (#106947)
[10:28:19.602] [DIAG-PF] CAN ID=0x14ECFF01 PF=0xEC (TP.DT=0xEB)
[10:28:19.602] [10:28:19.602] <<< CAN RX [EXT] ID=0x14ECFF01  Data: 11 01 61 FF 00 00 E0 00  (#106949)
[10:28:19.603] [DIAG-PF] CAN ID=0x14ECFF01 PF=0xEC (TP.DT=0xEB)
[10:28:19.603] [10:28:19.603] <<< CAN RX [EXT] ID=0x14ECFF01  Data: 11 01 62 FF 00 00 E0 00  (#106951)
[10:28:19.604] [DIAG] _append_log rx_text约53494行, CAN计数=106951
[10:28:19.605] [DIAG-PF] CAN ID=0x14ECFF01 PF=0xEC (TP.DT=0xEB)
[10:28:19.605] [10:28:19.605] <<< CAN RX [EXT] ID=0x14ECFF01  Data: 11 01 63 FF 00 00 E0 00  (#106953)
[10:28:19.606] [DIAG-PF] CAN ID=0x14ECFF01 PF=0xEC (TP.DT=0xEB)
[10:28:19.606] [10:28:19.606] <<< CAN RX [EXT] ID=0x14ECFF01  Data: 11 01 64 FF 00 00 E0 00  (#106955)
[10:28:19.608] [DIAG-PF] CAN ID=0x14ECFF01 PF=0xEC (TP.DT=0xEB)
[10:28:19.608] [10:28:19.608] <<< CAN RX [EXT] ID=0x14ECFF01  Data: 11 01 65 FF 00 00 E0 00  (#106957)
[10:28:19.609] [DIAG-PF] CAN ID=0x14ECFF01 PF=0xEC (TP.DT=0xEB)
[10:28:19.609] [10:28:19.609] <<< CAN RX [EXT] ID=0x14ECFF01  Data: 11 01 66 FF 00 00 E0 00  (#106959)
[10:28:19.610] [DIAG-PF] CAN ID=0x14ECFF01 PF=0xEC (TP.DT=0xEB)
[10:28:19.610] [10:28:19.610] <<< CAN RX [EXT] ID=0x14ECFF01  Data: 11 01 67 FF 00 00 E0 00  (#106961)
[10:28:19.611] [DIAG-PF] CAN ID=0x14ECFF01 PF=0xEC (TP.DT=0xEB)
[10:28:19.611] [10:28:19.611] <<< CAN RX [EXT] ID=0x14ECFF01  Data: 11 01 68 FF 00 00 E0 00  (#106963)
[10:28:19.612] [DIAG-PF] CAN ID=0x14ECFF01 PF=0xEC (TP.DT=0xEB)
[10:28:19.612] [10:28:19.612] <<< CAN RX [EXT] ID=0x14ECFF01  Data: 11 01 69 FF 00 00 E0 00  (#106965)
[10:28:19.613] [DIAG-PF] CAN ID=0x14ECFF01 PF=0xEC (TP.DT=0xEB)
[10:28:19.614] [10:28:19.613] <<< CAN RX [EXT] ID=0x14ECFF01  Data: 11 01 6A FF 00 00 E0 00  (#106967)
[10:28:19.614] [DIAG-PF] CAN ID=0x14ECFF01 PF=0xEC (TP.DT=0xEB)
[10:28:19.615] [10:28:19.615] <<< CAN RX [EXT] ID=0x14ECFF01  Data: 11 01 6B FF 00 00 E0 00  (#106969)
[10:28:19.616] [DIAG-PF] CAN ID=0x14ECFF01 PF=0xEC (TP.DT=0xEB)
[10:28:19.616] [10:28:19.616] <<< CAN RX [EXT] ID=0x14ECFF01  Data: 11 01 6C FF 00 00 E0 00  (#106971)
[10:28:19.617] [DIAG-PF] CAN ID=0x14ECFF01 PF=0xEC (TP.DT=0xEB)
[10:28:19.617] [10:28:19.617] <<< CAN RX [EXT] ID=0x14ECFF01  Data: 11 01 6D FF 00 00 E0 00  (#106973)
[10:28:19.618] [DIAG-PF] CAN ID=0x14ECFF01 PF=0xEC (TP.DT=0xEB)
[10:28:19.618] [10:28:19.618] <<< CAN RX [EXT] ID=0x14ECFF01  Data: 11 01 6E FF 00 00 E0 00  (#106975)
[10:28:19.619] [DIAG-PF] CAN ID=0x14ECFF01 PF=0xEC (TP.DT=0xEB)
[10:28:19.619] [10:28:19.619] <<< CAN RX [EXT] ID=0x14ECFF01  Data: 11 01 6F FF 00 00 E0 00  (#106977)
[10:28:19.620] [DIAG-PF] CAN ID=0x14ECFF01 PF=0xEC (TP.DT=0xEB)
[10:28:19.620] [10:28:19.620] <<< CAN RX [EXT] ID=0x14ECFF01  Data: 11 01 70 FF 00 00 E0 00  (#106979)
[10:28:19.621] [DIAG-PF] CAN ID=0x14ECFF01 PF=0xEC (TP.DT=0xEB)
[10:28:19.622] [10:28:19.621] <<< CAN RX [EXT] ID=0x14ECFF01  Data: 11 01 71 FF 00 00 E0 00  (#106981)
[10:28:19.623] [DIAG-PF] CAN ID=0x14ECFF01 PF=0xEC (TP.DT=0xEB)
[10:28:19.623] [10:28:19.623] <<< CAN RX [EXT] ID=0x14ECFF01  Data: 11 01 72 FF 00 00 E0 00  (#106983)
[10:28:19.624] [DIAG-PF] CAN ID=0x14ECFF01 PF=0xEC (TP.DT=0xEB)
[10:28:19.624] [10:28:19.624] <<< CAN RX [EXT] ID=0x14ECFF01  Data: 11 01 73 FF 00 00 E0 00  (#106985)
[10:28:19.625] [DIAG-PF] CAN ID=0x14ECFF01 PF=0xEC (TP.DT=0xEB)
[10:28:19.625] [10:28:19.625] <<< CAN RX [EXT] ID=0x14ECFF01  Data: 11 01 74 FF 00 00 E0 00  (#106987)
[10:28:19.626] [DIAG-PF] CAN ID=0x14ECFF01 PF=0xEC (TP.DT=0xEB)
[10:28:19.626] [10:28:19.626] <<< CAN RX [EXT] ID=0x14ECFF01  Data: 11 01 75 FF 00 00 E0 00  (#106989)
[10:28:19.627] [DIAG-PF] CAN ID=0x14ECFF01 PF=0xEC (TP.DT=0xEB)
[10:28:19.627] [10:28:19.627] <<< CAN RX [EXT] ID=0x14ECFF01  Data: 11 01 76 FF 00 00 E0 00  (#106991)
[10:28:19.628] [DIAG-PF] CAN ID=0x14ECFF01 PF=0xEC (TP.DT=0xEB)
[10:28:19.628] [10:28:19.628] <<< CAN RX [EXT] ID=0x14ECFF01  Data: 11 01 77 FF 00 00 E0 00  (#106993)
[10:28:19.629] [DIAG-PF] CAN ID=0x14ECFF01 PF=0xEC (TP.DT=0xEB)
[10:28:19.629] [10:28:19.629] <<< CAN RX [EXT] ID=0x14ECFF01  Data: 11 01 78 FF 00 00 E0 00  (#106995)
[10:28:19.630] [DIAG-PF] CAN ID=0x14ECFF01 PF=0xEC (TP.DT=0xEB)
[10:28:19.630] [10:28:19.630] <<< CAN RX [EXT] ID=0x14ECFF01  Data: 11 01 79 FF 00 00 E0 00  (#106997)
[10:28:19.631] [DIAG-PF] CAN ID=0x14ECFF01 PF=0xEC (TP.DT=0xEB)
[10:28:19.631] [10:28:19.631] <<< CAN RX [EXT] ID=0x14ECFF01  Data: 11 01 7A FF 00 00 E0 00  (#106999)
[10:28:19.632] [DIAG-PF] CAN ID=0x14ECFF01 PF=0xEC (TP.DT=0xEB)
[10:28:19.633] [10:28:19.632] <<< CAN RX [EXT] ID=0x14ECFF01  Data: 11 01 7B FF 00 00 E0 00  (#107001)
[10:28:19.633] [DIAG] _append_log rx_text约53519行, CAN计数=107001
[10:28:19.634] [DIAG-PF] CAN ID=0x14ECFF01 PF=0xEC (TP.DT=0xEB)
[10:28:19.634] [10:28:19.634] <<< CAN RX [EXT] ID=0x14ECFF01  Data: 11 01 7C FF 00 00 E0 00  (#107003)
[10:28:19.635] [DIAG-PF] CAN ID=0x14ECFF01 PF=0xEC (TP.DT=0xEB)
[10:28:19.635] [10:28:19.635] <<< CAN RX [EXT] ID=0x14ECFF01  Data: 11 01 7D FF 00 00 E0 00  (#107005)
[10:28:19.636] [DIAG-PF] CAN ID=0x14ECFF01 PF=0xEC (TP.DT=0xEB)
[10:28:19.636] [10:28:19.636] <<< CAN RX [EXT] ID=0x14ECFF01  Data: 11 01 7E FF 00 00 E0 00  (#107007)
[10:28:19.637] [DIAG-PF] CAN ID=0x14ECFF01 PF=0xEC (TP.DT=0xEB)
[10:28:19.638] [10:28:19.637] <<< CAN RX [EXT] ID=0x14ECFF01  Data: 11 01 7F FF 00 00 E0 00  (#107009)
[10:28:19.638] [DIAG-PF] CAN ID=0x14ECFF01 PF=0xEC (TP.DT=0xEB)
[10:28:19.639] [10:28:19.638] <<< CAN RX [EXT] ID=0x14ECFF01  Data: 11 01 80 FF 00 00 E0 00  (#107011)
[10:28:19.639] [DIAG-PF] CAN ID=0x14ECFF01 PF=0xEC (TP.DT=0xEB)
[10:28:19.640] [10:28:19.639] <<< CAN RX [EXT] ID=0x14ECFF01  Data: 11 01 81 FF 00 00 E0 00  (#107013)
[10:28:19.640] [DIAG-PF] CAN ID=0x14ECFF01 PF=0xEC (TP.DT=0xEB)
[10:28:19.641] [10:28:19.641] <<< CAN RX [EXT] ID=0x14ECFF01  Data: 11 01 82 FF 00 00 E0 00  (#107015)
[10:28:19.642] [DIAG-PF] CAN ID=0x14ECFF01 PF=0xEC (TP.DT=0xEB)
[10:28:19.642] [10:28:19.642] <<< CAN RX [EXT] ID=0x14ECFF01  Data: 11 01 83 FF 00 00 E0 00  (#107017)
[10:28:19.643] [DIAG-PF] CAN ID=0x14ECFF01 PF=0xEC (TP.DT=0xEB)
[10:28:19.643] [10:28:19.643] <<< CAN RX [EXT] ID=0x14ECFF01  Data: 11 01 84 FF 00 00 E0 00  (#107019)
[10:28:19.644] [DIAG-PF] CAN ID=0x14ECFF01 PF=0xEC (TP.DT=0xEB)
[10:28:19.644] [10:28:19.644] <<< CAN RX [EXT] ID=0x14ECFF01  Data: 11 01 85 FF 00 00 E0 00  (#107021)
[10:28:19.645] [DIAG-PF] CAN ID=0x14ECFF01 PF=0xEC (TP.DT=0xEB)
[10:28:19.645] [10:28:19.645] <<< CAN RX [EXT] ID=0x14ECFF01  Data: 11 01 86 FF 00 00 E0 00  (#107023)
[10:28:19.646] [DIAG-PF] CAN ID=0x14ECFF01 PF=0xEC (TP.DT=0xEB)
[10:28:19.646] [10:28:19.646] <<< CAN RX [EXT] ID=0x14ECFF01  Data: 11 01 87 FF 00 00 E0 00  (#107025)
[10:28:19.647] [DIAG-PF] CAN ID=0x14ECFF01 PF=0xEC (TP.DT=0xEB)
[10:28:19.647] [10:28:19.647] <<< CAN RX [EXT] ID=0x14ECFF01  Data: 11 01 88 FF 00 00 E0 00  (#107027)
[10:28:19.648] [DIAG-PF] CAN ID=0x14ECFF01 PF=0xEC (TP.DT=0xEB)
[10:28:19.648] [10:28:19.648] <<< CAN RX [EXT] ID=0x14ECFF01  Data: 11 01 89 FF 00 00 E0 00  (#107029)
[10:28:19.649] [DIAG-PF] CAN ID=0x14ECFF01 PF=0xEC (TP.DT=0xEB)
[10:28:19.649] [10:28:19.649] <<< CAN RX [EXT] ID=0x14ECFF01  Data: 11 01 8A FF 00 00 E0 00  (#107031)
[10:28:19.650] [DIAG-PF] CAN ID=0x14ECFF01 PF=0xEC (TP.DT=0xEB)
[10:28:19.650] [10:28:19.650] <<< CAN RX [EXT] ID=0x14ECFF01  Data: 11 01 8B FF 00 00 E0 00  (#107033)
[10:28:19.651] [DIAG-PF] CAN ID=0x14ECFF01 PF=0xEC (TP.DT=0xEB)
[10:28:19.652] [10:28:19.652] <<< CAN RX [EXT] ID=0x14ECFF01  Data: 11 01 8C FF 00 00 E0 00  (#107035)
[10:28:19.653] [DIAG-PF] CAN ID=0x14ECFF01 PF=0xEC (TP.DT=0xEB)
[10:28:19.653] [10:28:19.653] <<< CAN RX [EXT] ID=0x14ECFF01  Data: 11 01 8D FF 00 00 E0 00  (#107037)
[10:28:19.654] [DIAG-PF] CAN ID=0x14ECFF01 PF=0xEC (TP.DT=0xEB)
[10:28:19.654] [10:28:19.654] <<< CAN RX [EXT] ID=0x14ECFF01  Data: 11 01 8E FF 00 00 E0 00  (#107039)
[10:28:19.655] [DIAG-PF] CAN ID=0x14ECFF01 PF=0xEC (TP.DT=0xEB)
[10:28:19.655] [10:28:19.655] <<< CAN RX [EXT] ID=0x14ECFF01  Data: 11 01 8F FF 00 00 E0 00  (#107041)
[10:28:19.656] [DIAG-PF] CAN ID=0x14ECFF01 PF=0xEC (TP.DT=0xEB)
[10:28:19.656] [10:28:19.656] <<< CAN RX [EXT] ID=0x14ECFF01  Data: 11 01 90 FF 00 00 E0 00  (#107043)
[10:28:19.657] [DIAG-PF] CAN ID=0x14ECFF01 PF=0xEC (TP.DT=0xEB)
[10:28:19.657] [10:28:19.657] <<< CAN RX [EXT] ID=0x14ECFF01  Data: 11 01 91 FF 00 00 E0 00  (#107045)
[10:28:19.658] [DIAG-PF] CAN ID=0x14ECFF01 PF=0xEC (TP.DT=0xEB)
[10:28:19.658] [10:28:19.658] <<< CAN RX [EXT] ID=0x14ECFF01  Data: 11 01 92 FF 00 00 E0 00  (#107047)
[10:28:19.659] [DIAG-PF] CAN ID=0x14ECFF01 PF=0xEC (TP.DT=0xEB)
[10:28:19.659] [10:28:19.659] <<< CAN RX [EXT] ID=0x14ECFF01  Data: 11 01 93 FF 00 00 E0 00  (#107048)
[10:28:19.675] [DIAG-PF] CAN ID=0x14ECFF01 PF=0xEC (TP.DT=0xEB)
[10:28:19.676] [10:28:19.675] <<< CAN RX [EXT] ID=0x14ECFF01  Data: 13 00 04 93 00 00 E0 00  (#107050)
[10:28:19.677] [DIAG-PF] CAN ID=0x14ECFF01 PF=0xEC (TP.DT=0xEB)
[10:28:19.677] [10:28:19.677] <<< CAN RX [EXT] ID=0x14ECFF01  Data: 11 01 01 FF 00 00 E0 00  (#107052)
[10:28:19.679] [DIAG-PF] CAN ID=0x14ECFF01 PF=0xEC (TP.DT=0xEB)
[10:28:19.679] [10:28:19.679] <<< CAN RX [EXT] ID=0x14ECFF01  Data: 11 01 02 FF 00 00 E0 00  (#107054)
[10:28:19.680] [DIAG-PF] CAN ID=0x14ECFF01 PF=0xEC (TP.DT=0xEB)
[10:28:19.680] [10:28:19.680] <<< CAN RX [EXT] ID=0x14ECFF01  Data: 11 01 03 FF 00 00 E0 00  (#107057)
[10:28:19.682] [DIAG-PF] CAN ID=0x14ECFF01 PF=0xEC (TP.DT=0xEB)
[10:28:19.682] [10:28:19.682] <<< CAN RX [EXT] ID=0x14ECFF01  Data: 11 01 04 FF 00 00 E0 00  (#107058)
[10:28:19.683] [DIAG-PF] CAN ID=0x14ECFF01 PF=0xEC (TP.DT=0xEB)
[10:28:19.684] [10:28:19.683] <<< CAN RX [EXT] ID=0x14ECFF01  Data: 11 01 05 FF 00 00 E0 00  (#107060)
[10:28:19.685] [DIAG-PF] CAN ID=0x14ECFF01 PF=0xEC (TP.DT=0xEB)
[10:28:19.685] [10:28:19.685] <<< CAN RX [EXT] ID=0x14ECFF01  Data: 11 01 06 FF 00 00 E0 00  (#107062)
[10:28:19.686] [DIAG-PF] CAN ID=0x14ECFF01 PF=0xEC (TP.DT=0xEB)
[10:28:19.686] [10:28:19.686] <<< CAN RX [EXT] ID=0x14ECFF01  Data: 11 01 07 FF 00 00 E0 00  (#107064)
[10:28:19.689] [DIAG-PF] CAN ID=0x14ECFF01 PF=0xEC (TP.DT=0xEB)
[10:28:19.689] [10:28:19.689] <<< CAN RX [EXT] ID=0x14ECFF01  Data: 11 01 08 FF 00 00 E0 00  (#107067)
[10:28:19.690] [DIAG-PF] CAN ID=0x14ECFF01 PF=0xEC (TP.DT=0xEB)
[10:28:19.690] [10:28:19.690] <<< CAN RX [EXT] ID=0x14ECFF01  Data: 11 01 09 FF 00 00 E0 00  (#107068)
[10:28:19.691] [DIAG-PF] CAN ID=0x14ECFF01 PF=0xEC (TP.DT=0xEB)
[10:28:19.691] [10:28:19.691] <<< CAN RX [EXT] ID=0x14ECFF01  Data: 11 01 0A FF 00 00 E0 00  (#107070)
[10:28:19.692] [DIAG-PF] CAN ID=0x14ECFF01 PF=0xEC (TP.DT=0xEB)
[10:28:19.692] [10:28:19.692] <<< CAN RX [EXT] ID=0x14ECFF01  Data: 11 01 0B FF 00 00 E0 00  (#107072)
[10:28:19.695] [DIAG-PF] CAN ID=0x14ECFF01 PF=0xEC (TP.DT=0xEB)
[10:28:19.695] [10:28:19.695] <<< CAN RX [EXT] ID=0x14ECFF01  Data: 11 01 0C FF 00 00 E0 00  (#107075)
[10:28:19.696] [DIAG-PF] CAN ID=0x14ECFF01 PF=0xEC (TP.DT=0xEB)
[10:28:19.696] [10:28:19.696] <<< CAN RX [EXT] ID=0x14ECFF01  Data: 11 01 0D FF 00 00 E0 00  (#107076)
[10:28:19.697] [DIAG-PF] CAN ID=0x14ECFF01 PF=0xEC (TP.DT=0xEB)
[10:28:19.699] [10:28:19.697] <<< CAN RX [EXT] ID=0x14ECFF01  Data: 11 01 0E FF 00 00 E0 00  (#107078)
[10:28:19.700] [DIAG-PF] CAN ID=0x14ECFF01 PF=0xEC (TP.DT=0xEB)
[10:28:19.701] [10:28:19.700] <<< CAN RX [EXT] ID=0x14ECFF01  Data: 11 01 0F FF 00 00 E0 00  (#107080)
[10:28:19.704] [DIAG-PF] CAN ID=0x14ECFF01 PF=0xEC (TP.DT=0xEB)
[10:28:19.704] [10:28:19.704] <<< CAN RX [EXT] ID=0x14ECFF01  Data: 11 01 10 FF 00 00 E0 00  (#107083)
[10:28:19.705] [DIAG-PF] CAN ID=0x14ECFF01 PF=0xEC (TP.DT=0xEB)
[10:28:19.705] [10:28:19.705] <<< CAN RX [EXT] ID=0x14ECFF01  Data: 11 01 11 FF 00 00 E0 00  (#107085)
[10:28:19.707] [DIAG-PF] CAN ID=0x14ECFF01 PF=0xEC (TP.DT=0xEB)
[10:28:19.708] [10:28:19.708] <<< CAN RX [EXT] ID=0x14ECFF01  Data: 11 01 12 FF 00 00 E0 00  (#107087)
[10:28:19.709] [DIAG-PF] CAN ID=0x14ECFF01 PF=0xEC (TP.DT=0xEB)
[10:28:19.709] [10:28:19.709] <<< CAN RX [EXT] ID=0x14ECFF01  Data: 11 01 13 FF 00 00 E0 00  (#107088)
[10:28:19.710] [DIAG-PF] CAN ID=0x14ECFF01 PF=0xEC (TP.DT=0xEB)
[10:28:19.711] [10:28:19.710] <<< CAN RX [EXT] ID=0x14ECFF01  Data: 11 01 14 FF 00 00 E0 00  (#107090)
[10:28:19.712] [DIAG-PF] CAN ID=0x14ECFF01 PF=0xEC (TP.DT=0xEB)
[10:28:19.712] [10:28:19.712] <<< CAN RX [EXT] ID=0x14ECFF01  Data: 11 01 15 FF 00 00 E0 00  (#107092)
[10:28:19.713] [DIAG-PF] CAN ID=0x14ECFF01 PF=0xEC (TP.DT=0xEB)
[10:28:19.713] [10:28:19.713] <<< CAN RX [EXT] ID=0x14ECFF01  Data: 11 01 16 FF 00 00 E0 00  (#107094)
[10:28:19.714] [DIAG-PF] CAN ID=0x14ECFF01 PF=0xEC (TP.DT=0xEB)
[10:28:19.715] [10:28:19.714] <<< CAN RX [EXT] ID=0x14ECFF01  Data: 11 01 17 FF 00 00 E0 00  (#107096)
[10:28:19.716] [DIAG-PF] CAN ID=0x14ECFF01 PF=0xEC (TP.DT=0xEB)
[10:28:19.716] [10:28:19.716] <<< CAN RX [EXT] ID=0x14ECFF01  Data: 11 01 18 FF 00 00 E0 00  (#107098)
[10:28:19.717] [DIAG-PF] CAN ID=0x14ECFF01 PF=0xEC (TP.DT=0xEB)
[10:28:19.717] [DIAG] _log_rx called, total RX bytes=1285200, CAN count=107099
[10:28:19.718] [10:28:19.717] <<< CAN RX [EXT] ID=0x14ECFF01  Data: 11 01 19 FF 00 00 E0 00  (#107100)
[10:28:19.718] [DIAG] _append_log rx_text约53569行, CAN计数=107101
[10:28:19.721] [DIAG-PF] CAN ID=0x14ECFF01 PF=0xEC (TP.DT=0xEB)
[10:28:19.721] [10:28:19.721] <<< CAN RX [EXT] ID=0x14ECFF01  Data: 11 01 1A FF 00 00 E0 00  (#107103)
[10:28:19.722] [DIAG-PF] CAN ID=0x14ECFF01 PF=0xEC (TP.DT=0xEB)
[10:28:19.722] [10:28:19.722] <<< CAN RX [EXT] ID=0x14ECFF01  Data: 11 01 1B FF 00 00 E0 00  (#107104)
[10:28:19.724] [DIAG-PF] CAN ID=0x14ECFF01 PF=0xEC (TP.DT=0xEB)
[10:28:19.724] [10:28:19.724] <<< CAN RX [EXT] ID=0x14ECFF01  Data: 11 01 1C FF 00 00 E0 00  (#107106)
[10:28:19.726] [DIAG-PF] CAN ID=0x14ECFF01 PF=0xEC (TP.DT=0xEB)
[10:28:19.726] [10:28:19.726] <<< CAN RX [EXT] ID=0x14ECFF01  Data: 11 01 1D FF 00 00 E0 00  (#107108)
[10:28:19.727] [DIAG-PF] CAN ID=0x14ECFF01 PF=0xEC (TP.DT=0xEB)
[10:28:19.727] [10:28:19.727] <<< CAN RX [EXT] ID=0x14ECFF01  Data: 11 01 1E FF 00 00 E0 00  (#107110)
[10:28:19.728] [DIAG-PF] CAN ID=0x14ECFF01 PF=0xEC (TP.DT=0xEB)
[10:28:19.728] [10:28:19.728] <<< CAN RX [EXT] ID=0x14ECFF01  Data: 11 01 1F FF 00 00 E0 00  (#107112)
[10:28:19.730] [DIAG-PF] CAN ID=0x14ECFF01 PF=0xEC (TP.DT=0xEB)
[10:28:19.730] [10:28:19.730] <<< CAN RX [EXT] ID=0x14ECFF01  Data: 11 01 20 FF 00 00 E0 00  (#107115)
[10:28:19.732] [DIAG-PF] CAN ID=0x14ECFF01 PF=0xEC (TP.DT=0xEB)
[10:28:19.732] [10:28:19.732] <<< CAN RX [EXT] ID=0x14ECFF01  Data: 11 01 21 FF 00 00 E0 00  (#107117)
[10:28:19.734] [DIAG-PF] CAN ID=0x14ECFF01 PF=0xEC (TP.DT=0xEB)
[10:28:19.734] [10:28:19.734] <<< CAN RX [EXT] ID=0x14ECFF01  Data: 11 01 22 FF 00 00 E0 00  (#107119)
[10:28:19.736] [DIAG-PF] CAN ID=0x14ECFF01 PF=0xEC (TP.DT=0xEB)
[10:28:19.736] [10:28:19.736] <<< CAN RX [EXT] ID=0x14ECFF01  Data: 11 01 23 FF 00 00 E0 00  (#107121)
[10:28:19.737] [DIAG-PF] CAN ID=0x14ECFF01 PF=0xEC (TP.DT=0xEB)
[10:28:19.738] [10:28:19.738] <<< CAN RX [EXT] ID=0x14ECFF01  Data: 11 01 24 FF 00 00 E0 00  (#107122)
[10:28:19.739] [DIAG-PF] CAN ID=0x14ECFF01 PF=0xEC (TP.DT=0xEB)
[10:28:19.739] [10:28:19.739] <<< CAN RX [EXT] ID=0x14ECFF01  Data: 11 01 25 FF 00 00 E0 00  (#107124)
[10:28:19.740] [DIAG-PF] CAN ID=0x14ECFF01 PF=0xEC (TP.DT=0xEB)
[10:28:19.740] [10:28:19.740] <<< CAN RX [EXT] ID=0x14ECFF01  Data: 11 01 26 FF 00 00 E0 00  (#107126)
[10:28:19.741] [DIAG-PF] CAN ID=0x14ECFF01 PF=0xEC (TP.DT=0xEB)
[10:28:19.741] [10:28:19.741] <<< CAN RX [EXT] ID=0x14ECFF01  Data: 11 01 27 FF 00 00 E0 00  (#107128)
[10:28:19.742] [DIAG-PF] CAN ID=0x14ECFF01 PF=0xEC (TP.DT=0xEB)
[10:28:19.742] [10:28:19.742] <<< CAN RX [EXT] ID=0x14ECFF01  Data: 11 01 28 FF 00 00 E0 00  (#107130)
[10:28:19.743] [DIAG-PF] CAN ID=0x14ECFF01 PF=0xEC (TP.DT=0xEB)
[10:28:19.743] [10:28:19.743] <<< CAN RX [EXT] ID=0x14ECFF01  Data: 11 01 29 FF 00 00 E0 00  (#107132)
[10:28:19.744] [DIAG-PF] CAN ID=0x14ECFF01 PF=0xEC (TP.DT=0xEB)
[10:28:19.744] [10:28:19.744] <<< CAN RX [EXT] ID=0x14ECFF01  Data: 11 01 2A FF 00 00 E0 00  (#107134)
[10:28:19.746] [DIAG-PF] CAN ID=0x14ECFF01 PF=0xEC (TP.DT=0xEB)
[10:28:19.746] [10:28:19.746] <<< CAN RX [EXT] ID=0x14ECFF01  Data: 11 01 2B FF 00 00 E0 00  (#107136)
[10:28:19.747] [DIAG-PF] CAN ID=0x14ECFF01 PF=0xEC (TP.DT=0xEB)
[10:28:19.747] [10:28:19.747] <<< CAN RX [EXT] ID=0x14ECFF01  Data: 11 01 2C FF 00 00 E0 00  (#107138)
[10:28:19.748] [DIAG-PF] CAN ID=0x14ECFF01 PF=0xEC (TP.DT=0xEB)
[10:28:19.748] [10:28:19.748] <<< CAN RX [EXT] ID=0x14ECFF01  Data: 11 01 2D FF 00 00 E0 00  (#107140)
[10:28:19.749] [DIAG-PF] CAN ID=0x14ECFF01 PF=0xEC (TP.DT=0xEB)
[10:28:19.749] [10:28:19.749] <<< CAN RX [EXT] ID=0x14ECFF01  Data: 11 01 2E FF 00 00 E0 00  (#107142)
[10:28:19.750] [DIAG-PF] CAN ID=0x14ECFF01 PF=0xEC (TP.DT=0xEB)
[10:28:19.750] [10:28:19.750] <<< CAN RX [EXT] ID=0x14ECFF01  Data: 11 01 2F FF 00 00 E0 00  (#107144)
[10:28:19.751] [DIAG-PF] CAN ID=0x14ECFF01 PF=0xEC (TP.DT=0xEB)
[10:28:19.751] [10:28:19.751] <<< CAN RX [EXT] ID=0x14ECFF01  Data: 11 01 30 FF 00 00 E0 00  (#107146)
[10:28:19.752] [DIAG-PF] CAN ID=0x14ECFF01 PF=0xEC (TP.DT=0xEB)
[10:28:19.752] [10:28:19.752] <<< CAN RX [EXT] ID=0x14ECFF01  Data: 11 01 31 FF 00 00 E0 00  (#107148)
[10:28:19.753] [DIAG-PF] CAN ID=0x14ECFF01 PF=0xEC (TP.DT=0xEB)
[10:28:19.753] [10:28:19.753] <<< CAN RX [EXT] ID=0x14ECFF01  Data: 11 01 32 FF 00 00 E0 00  (#107150)
[10:28:19.754] [DIAG] _append_log rx_text约53594行, CAN计数=107151
[10:28:19.755] [DIAG-PF] CAN ID=0x14ECFF01 PF=0xEC (TP.DT=0xEB)
[10:28:19.755] [10:28:19.755] <<< CAN RX [EXT] ID=0x14ECFF01  Data: 11 01 33 FF 00 00 E0 00  (#107152)
[10:28:19.756] [DIAG-PF] CAN ID=0x14ECFF01 PF=0xEC (TP.DT=0xEB)
[10:28:19.756] [10:28:19.756] <<< CAN RX [EXT] ID=0x14ECFF01  Data: 11 01 34 FF 00 00 E0 00  (#107154)
[10:28:19.757] [DIAG-PF] CAN ID=0x14ECFF01 PF=0xEC (TP.DT=0xEB)
[10:28:19.757] [10:28:19.757] <<< CAN RX [EXT] ID=0x14ECFF01  Data: 11 01 35 FF 00 00 E0 00  (#107156)
[10:28:19.758] [DIAG-PF] CAN ID=0x14ECFF01 PF=0xEC (TP.DT=0xEB)
[10:28:19.758] [10:28:19.758] <<< CAN RX [EXT] ID=0x14ECFF01  Data: 11 01 36 FF 00 00 E0 00  (#107158)
[10:28:19.759] [DIAG-PF] CAN ID=0x14ECFF01 PF=0xEC (TP.DT=0xEB)
[10:28:19.759] [10:28:19.759] <<< CAN RX [EXT] ID=0x14ECFF01  Data: 11 01 37 FF 00 00 E0 00  (#107160)
[10:28:19.760] [DIAG-PF] CAN ID=0x14ECFF01 PF=0xEC (TP.DT=0xEB)
[10:28:19.761] [10:28:19.761] <<< CAN RX [EXT] ID=0x14ECFF01  Data: 11 01 38 FF 00 00 E0 00  (#107163)
[10:28:19.763] [DIAG-PF] CAN ID=0x14ECFF01 PF=0xEC (TP.DT=0xEB)
[10:28:19.764] [10:28:19.764] <<< CAN RX [EXT] ID=0x14ECFF01  Data: 11 01 39 FF 00 00 E0 00  (#107165)
[10:28:19.766] [DIAG-PF] CAN ID=0x14ECFF01 PF=0xEC (TP.DT=0xEB)
[10:28:19.767] [10:28:19.767] <<< CAN RX [EXT] ID=0x14ECFF01  Data: 11 01 3A FF 00 00 E0 00  (#107166)
[10:28:19.770] [DIAG-PF] CAN ID=0x14ECFF01 PF=0xEC (TP.DT=0xEB)
[10:28:19.771] [10:28:19.770] <<< CAN RX [EXT] ID=0x14ECFF01  Data: 11 01 3B FF 00 00 E0 00  (#107169)
[10:28:19.772] [DIAG-PF] CAN ID=0x14ECFF01 PF=0xEC (TP.DT=0xEB)
[10:28:19.773] [10:28:19.773] <<< CAN RX [EXT] ID=0x14ECFF01  Data: 11 01 3C FF 00 00 E0 00  (#107171)
[10:28:19.776] [DIAG-PF] CAN ID=0x14ECFF01 PF=0xEC (TP.DT=0xEB)
[10:28:19.777] [10:28:19.777] <<< CAN RX [EXT] ID=0x14ECFF01  Data: 11 01 3D FF 00 00 E0 00  (#107173)
[10:28:19.778] [DIAG-PF] CAN ID=0x14ECFF01 PF=0xEC (TP.DT=0xEB)
[10:28:19.778] [10:28:19.778] <<< CAN RX [EXT] ID=0x14ECFF01  Data: 11 01 3E FF 00 00 E0 00  (#107174)
[10:28:19.779] [DIAG-PF] CAN ID=0x14ECFF01 PF=0xEC (TP.DT=0xEB)
[10:28:19.779] [10:28:19.779] <<< CAN RX [EXT] ID=0x14ECFF01  Data: 11 01 3F FF 00 00 E0 00  (#107176)
[10:28:19.780] [DIAG-PF] CAN ID=0x14ECFF01 PF=0xEC (TP.DT=0xEB)
[10:28:19.781] [10:28:19.780] <<< CAN RX [EXT] ID=0x14ECFF01  Data: 11 01 40 FF 00 00 E0 00  (#107178)
[10:28:19.783] [DIAG-PF] CAN ID=0x14ECFF01 PF=0xEC (TP.DT=0xEB)
[10:28:19.783] [10:28:19.783] <<< CAN RX [EXT] ID=0x14ECFF01  Data: 11 01 41 FF 00 00 E0 00  (#107181)
[10:28:19.785] [DIAG-PF] CAN ID=0x14ECFF01 PF=0xEC (TP.DT=0xEB)
[10:28:19.785] [10:28:19.785] <<< CAN RX [EXT] ID=0x14ECFF01  Data: 11 01 42 FF 00 00 E0 00  (#107182)
[10:28:19.786] [DIAG-PF] CAN ID=0x14ECFF01 PF=0xEC (TP.DT=0xEB)
[10:28:19.786] [10:28:19.786] <<< CAN RX [EXT] ID=0x14ECFF01  Data: 11 01 43 FF 00 00 E0 00  (#107184)
[10:28:19.788] [DIAG-PF] CAN ID=0x14ECFF01 PF=0xEC (TP.DT=0xEB)
[10:28:19.788] [10:28:19.788] <<< CAN RX [EXT] ID=0x14ECFF01  Data: 11 01 44 FF 00 00 E0 00  (#107186)
[10:28:19.789] [DIAG-PF] CAN ID=0x14ECFF01 PF=0xEC (TP.DT=0xEB)
[10:28:19.789] [10:28:19.789] <<< CAN RX [EXT] ID=0x14ECFF01  Data: 11 01 45 FF 00 00 E0 00  (#107188)
[10:28:19.790] [DIAG-PF] CAN ID=0x14ECFF01 PF=0xEC (TP.DT=0xEB)
[10:28:19.790] [10:28:19.790] <<< CAN RX [EXT] ID=0x14ECFF01  Data: 11 01 46 FF 00 00 E0 00  (#107190)
[10:28:19.793] [DIAG-PF] CAN ID=0x14ECFF01 PF=0xEC (TP.DT=0xEB)
[10:28:19.793] [10:28:19.793] <<< CAN RX [EXT] ID=0x14ECFF01  Data: 11 01 47 FF 00 00 E0 00  (#107193)
[10:28:19.795] [DIAG-PF] CAN ID=0x14ECFF01 PF=0xEC (TP.DT=0xEB)
[10:28:19.795] [10:28:19.795] <<< CAN RX [EXT] ID=0x14ECFF01  Data: 11 01 48 FF 00 00 E0 00  (#107194)
[10:28:19.797] [DIAG-PF] CAN ID=0x14ECFF01 PF=0xEC (TP.DT=0xEB)
[10:28:19.798] [10:28:19.797] <<< CAN RX [EXT] ID=0x14ECFF01  Data: 11 01 49 FF 00 00 E0 00  (#107196)
[10:28:19.799] [DIAG-PF] CAN ID=0x14ECFF01 PF=0xEC (TP.DT=0xEB)
[10:28:19.799] [10:28:19.799] <<< CAN RX [EXT] ID=0x14ECFF01  Data: 11 01 4A FF 00 00 E0 00  (#107198)
[10:28:19.800] [DIAG-PF] CAN ID=0x14ECFF01 PF=0xEC (TP.DT=0xEB)
[10:28:19.800] [DIAG] _log_rx called, total RX bytes=1286400, CAN count=107199
[10:28:19.800] [10:28:19.800] <<< CAN RX [EXT] ID=0x14ECFF01  Data: 11 01 4B FF 00 00 E0 00  (#107201)
[10:28:19.800] [DIAG] _append_log rx_text约53619行, CAN计数=107201
[10:28:19.801] [DIAG-PF] CAN ID=0x14ECFF01 PF=0xEC (TP.DT=0xEB)
[10:28:19.801] [10:28:19.801] <<< CAN RX [EXT] ID=0x14ECFF01  Data: 11 01 4C FF 00 00 E0 00  (#107202)
[10:28:19.803] [DIAG-PF] CAN ID=0x14ECFF01 PF=0xEC (TP.DT=0xEB)
[10:28:19.803] [10:28:19.803] <<< CAN RX [EXT] ID=0x14ECFF01  Data: 11 01 4D FF 00 00 E0 00  (#107204)
[10:28:19.804] [DIAG-PF] CAN ID=0x14ECFF01 PF=0xEC (TP.DT=0xEB)
[10:28:19.804] [10:28:19.804] <<< CAN RX [EXT] ID=0x14ECFF01  Data: 11 01 4E FF 00 00 E0 00  (#107206)
[10:28:19.805] [DIAG-PF] CAN ID=0x14ECFF01 PF=0xEC (TP.DT=0xEB)
[10:28:19.805] [10:28:19.805] <<< CAN RX [EXT] ID=0x14ECFF01  Data: 11 01 4F FF 00 00 E0 00  (#107208)
[10:28:19.806] [DIAG-PF] CAN ID=0x14ECFF01 PF=0xEC (TP.DT=0xEB)
[10:28:19.806] [10:28:19.806] <<< CAN RX [EXT] ID=0x14ECFF01  Data: 11 01 50 FF 00 00 E0 00  (#107210)
[10:28:19.808] [DIAG-PF] CAN ID=0x14ECFF01 PF=0xEC (TP.DT=0xEB)
[10:28:19.808] [10:28:19.808] <<< CAN RX [EXT] ID=0x14ECFF01  Data: 11 01 51 FF 00 00 E0 00  (#107212)
[10:28:19.809] [DIAG-PF] CAN ID=0x14ECFF01 PF=0xEC (TP.DT=0xEB)
[10:28:19.809] [10:28:19.809] <<< CAN RX [EXT] ID=0x14ECFF01  Data: 11 01 52 FF 00 00 E0 00  (#107214)
[10:28:19.810] [DIAG-PF] CAN ID=0x14ECFF01 PF=0xEC (TP.DT=0xEB)
[10:28:19.810] [10:28:19.810] <<< CAN RX [EXT] ID=0x14ECFF01  Data: 11 01 53 FF 00 00 E0 00  (#107216)
[10:28:19.811] [DIAG-PF] CAN ID=0x14ECFF01 PF=0xEC (TP.DT=0xEB)
[10:28:19.811] [10:28:19.811] <<< CAN RX [EXT] ID=0x14ECFF01  Data: 11 01 54 FF 00 00 E0 00  (#107218)
[10:28:19.813] [DIAG-PF] CAN ID=0x14ECFF01 PF=0xEC (TP.DT=0xEB)
[10:28:19.813] [10:28:19.813] <<< CAN RX [EXT] ID=0x14ECFF01  Data: 11 01 55 FF 00 00 E0 00  (#107220)
[10:28:19.816] [DIAG-PF] CAN ID=0x14ECFF01 PF=0xEC (TP.DT=0xEB)
[10:28:19.816] [10:28:19.816] <<< CAN RX [EXT] ID=0x14ECFF01  Data: 11 01 56 FF 00 00 E0 00  (#107223)
[10:28:19.818] [DIAG-PF] CAN ID=0x14ECFF01 PF=0xEC (TP.DT=0xEB)
[10:28:19.818] [10:28:19.818] <<< CAN RX [EXT] ID=0x14ECFF01  Data: 11 01 57 FF 00 00 E0 00  (#107224)
[10:28:19.819] [DIAG-PF] CAN ID=0x14ECFF01 PF=0xEC (TP.DT=0xEB)
[10:28:19.819] [10:28:19.819] <<< CAN RX [EXT] ID=0x14ECFF01  Data: 11 01 58 FF 00 00 E0 00  (#107226)
[10:28:19.820] [DIAG-PF] CAN ID=0x14ECFF01 PF=0xEC (TP.DT=0xEB)
[10:28:19.820] [10:28:19.820] <<< CAN RX [EXT] ID=0x14ECFF01  Data: 11 01 59 FF 00 00 E0 00  (#107228)
[10:28:19.821] [DIAG-PF] CAN ID=0x14ECFF01 PF=0xEC (TP.DT=0xEB)
[10:28:19.821] [10:28:19.821] <<< CAN RX [EXT] ID=0x14ECFF01  Data: 11 01 5A FF 00 00 E0 00  (#107230)
[10:28:19.823] [DIAG-PF] CAN ID=0x14ECFF01 PF=0xEC (TP.DT=0xEB)
[10:28:19.823] [10:28:19.823] <<< CAN RX [EXT] ID=0x14ECFF01  Data: 11 01 5B FF 00 00 E0 00  (#107232)
[10:28:19.824] [DIAG-PF] CAN ID=0x14ECFF01 PF=0xEC (TP.DT=0xEB)
[10:28:19.824] [10:28:19.824] <<< CAN RX [EXT] ID=0x14ECFF01  Data: 11 01 5C FF 00 00 E0 00  (#107234)
[10:28:19.826] [DIAG-PF] CAN ID=0x14ECFF01 PF=0xEC (TP.DT=0xEB)
[10:28:19.826] [10:28:19.826] <<< CAN RX [EXT] ID=0x14ECFF01  Data: 11 01 5D FF 00 00 E0 00  (#107236)
[10:28:19.827] [DIAG-PF] CAN ID=0x14ECFF01 PF=0xEC (TP.DT=0xEB)
[10:28:19.827] [10:28:19.827] <<< CAN RX [EXT] ID=0x14ECFF01  Data: 11 01 5E FF 00 00 E0 00  (#107238)
[10:28:19.828] [DIAG-PF] CAN ID=0x14ECFF01 PF=0xEC (TP.DT=0xEB)
[10:28:19.828] [10:28:19.828] <<< CAN RX [EXT] ID=0x14ECFF01  Data: 11 01 5F FF 00 00 E0 00  (#107240)
[10:28:19.829] [DIAG-PF] CAN ID=0x14ECFF01 PF=0xEC (TP.DT=0xEB)
[10:28:19.829] [10:28:19.829] <<< CAN RX [EXT] ID=0x14ECFF01  Data: 11 01 60 FF 00 00 E0 00  (#107242)
[10:28:19.831] [DIAG-PF] CAN ID=0x14ECFF01 PF=0xEC (TP.DT=0xEB)
[10:28:19.831] [10:28:19.831] <<< CAN RX [EXT] ID=0x14ECFF01  Data: 11 01 61 FF 00 00 E0 00  (#107244)
[10:28:19.832] [DIAG-PF] CAN ID=0x14ECFF01 PF=0xEC (TP.DT=0xEB)
[10:28:19.832] [10:28:19.832] <<< CAN RX [EXT] ID=0x14ECFF01  Data: 11 01 62 FF 00 00 E0 00  (#107246)
[10:28:19.834] [DIAG-PF] CAN ID=0x14ECFF01 PF=0xEC (TP.DT=0xEB)
[10:28:19.835] [10:28:19.834] <<< CAN RX [EXT] ID=0x14ECFF01  Data: 11 01 63 FF 00 00 E0 00  (#107249)
[10:28:19.836] [DIAG-PF] CAN ID=0x14ECFF01 PF=0xEC (TP.DT=0xEB)
[10:28:19.836] [10:28:19.836] <<< CAN RX [EXT] ID=0x14ECFF01  Data: 11 01 64 FF 00 00 E0 00  (#107250)
[10:28:19.836] [DIAG] _append_log rx_text约53644行, CAN计数=107251
[10:28:19.837] [DIAG-PF] CAN ID=0x14ECFF01 PF=0xEC (TP.DT=0xEB)
[10:28:19.838] [10:28:19.838] <<< CAN RX [EXT] ID=0x14ECFF01  Data: 11 01 65 FF 00 00 E0 00  (#107252)
[10:28:19.849] [DIAG-PF] CAN ID=0x14ECFF01 PF=0xEC (TP.DT=0xEB)
[10:28:19.850] [10:28:19.850] <<< CAN RX [EXT] ID=0x14ECFF01  Data: 13 C0 02 65 00 00 E0 00  (#107254)
[10:28:19.850] [传输] 完成, 耗时79.6s
[10:28:19.852] [4/4] 校验...
[10:28:19.905] [10:28:19.904] >>> CAN TX [EXT] ID=0x05E001FF  Data: 03 0A EC FF FF FF FF FF  (#19)
[10:28:19.906] [DIAG-PF] CAN ID=0x14E8FF01 PF=0xE8 (TP.DT=0xEB)
[10:28:19.907] [10:28:19.907] <<< CAN RX [EXT] ID=0x14E8FF01  Data: 00 FF FF FF FF FF FF FF  (#107256)
[10:28:19.908] [升级] 升级成功!
[10:28:19.910] [升级] 发送BOOT跳转APP命令...
[10:28:19.910] [BOOT跳转] 发送跳转APP命令 (PF=0xE1, cmd=0x02)...
[10:28:19.911] [10:28:19.911] >>> CAN TX [EXT] ID=0x05E101FF  Data: 02 FF FF FF FF FF FF FF  (#20)
[10:28:19.912] ========================================

============================================================
[10:33:30.454] USB_Tool 启动
============================================================
[10:33:34.139] [固件] 加载 pyenc.qiteng456_6.2.17r8_0425.bin, 369792 字节, CRC=0x740E
[10:33:37.303] ========================================
[10:33:37.304] [升级] 开始...
[10:33:37.309] [0/4] 发送APP复位命令 (PF=0xE1, cmd=0x01)...
[10:33:37.309] [APP复位] 发送APP复位命令 (PF=0xE1, cmd=0x01)...
[10:33:37.314] [10:33:37.313] >>> CAN TX [EXT] ID=0x05E101FF  Data: 01 FF FF FF FF FF FF FF  (#1)
[10:33:37.416] [1/4] 发送前导码...
[10:33:37.419] [10:33:37.417] >>> CAN TX [STD] ID=0x781  Data: 23 00 45 00 00 00 00 00  (#2)
[10:33:37.421] [10:33:37.420] >>> CAN TX [STD] ID=0x781  Data: 00 00 00 00 00 00 00 00  (#3)
[10:33:37.423] [10:33:37.422] >>> CAN TX [STD] ID=0x781  Data: 00 00 00 00 00 00 00 00  (#4)
[10:33:37.424] [10:33:37.423] >>> CAN TX [STD] ID=0x781  Data: 00 00 00 00 00 00 00 00  (#5)
[10:33:37.426] [10:33:37.425] >>> CAN TX [STD] ID=0x781  Data: 00 00 00 00 00 00 00 00  (#6)
[10:33:37.427] [10:33:37.426] >>> CAN TX [STD] ID=0x781  Data: 00 00 00 00 00 00 00 00  (#7)
[10:33:37.428] [10:33:37.428] >>> CAN TX [STD] ID=0x781  Data: 00 00 00 00 00 00 00 00  (#8)
[10:33:37.429] [10:33:37.429] >>> CAN TX [STD] ID=0x781  Data: 00 00 00 00 00 00 00 00  (#9)
[10:33:37.430] [10:33:37.430] >>> CAN TX [STD] ID=0x781  Data: CA 00 00 00 00 00 00 00  (#10)
[10:33:37.432] [1/4] 前导码已发送
[10:33:37.433] [2/4] 发送编程请求 (轮询等待设备)...
[10:33:37.439] [10:33:37.434] >>> CAN TX [EXT] ID=0x05E001FF  Data: 02 84 A4 05 00 FF FF FF  (#11)
[10:33:37.946] [10:33:37.945] >>> CAN TX [EXT] ID=0x05E001FF  Data: 02 84 A4 05 00 FF FF FF  (#12)
[10:33:38.451] [10:33:38.450] >>> CAN TX [EXT] ID=0x05E001FF  Data: 02 84 A4 05 00 FF FF FF  (#13)
[10:33:38.959] [10:33:38.958] >>> CAN TX [EXT] ID=0x05E001FF  Data: 02 84 A4 05 00 FF FF FF  (#14)
[10:33:39.465] [10:33:39.465] >>> CAN TX [EXT] ID=0x05E001FF  Data: 02 84 A4 05 00 FF FF FF  (#15)
[10:33:39.883] [10:33:39.883] <<< CAN RX [EXT] ID=0x14E8FF01  Data: 00 FF FF FF FF FF FF FF  (#1)
[10:33:39.884] [DIAG] _append_log rx_text约17行, CAN计数=1
[10:33:39.885] [2/4] 设备已准备
[10:33:39.885] [10:33:39.885] <<< CAN RX [EXT] ID=0x14E8FF01  Data: 00 FF FF FF FF FF FF FF  (#2)
[10:33:39.886] [3/4] 传输固件...
[10:33:39.886] [10:33:39.886] <<< CAN RX [EXT] ID=0x14E8FF01  Data: 00 FF FF FF FF FF FF FF  (#3)
[10:33:39.887] [传输] 369792 字节, 362 块, 52828 包
[10:33:39.888] [10:33:39.887] <<< CAN RX [EXT] ID=0x14E8FF01  Data: 00 FF FF FF FF FF FF FF  (#4)
[10:33:39.889] [10:33:39.889] <<< CAN RX [EXT] ID=0x14E8FF01  Data: 00 FF FF FF FF FF FF FF  (#5)
[10:33:40.392] [10:33:40.392] <<< CAN RX [STD] ID=0x000  Data: 00 00 00 00 00 00 00 00  (#611)
[10:33:40.394] [10:33:40.394] <<< CAN RX [STD] ID=0x000  Data: 00 00 00 00 00 00 00 00  (#612)
[10:33:40.395] [10:33:40.395] <<< CAN RX [STD] ID=0x000  Data: 00 00 00 00 00 00 00 00  (#613)
[10:33:40.396] [10:33:40.396] <<< CAN RX [STD] ID=0x000  Data: 00 00 00 00 00 00 00 00  (#614)
[10:33:40.798] [10:33:40.798] <<< CAN RX [STD] ID=0x000  Data: 00 00 00 00 00 00 00 00  (#1127)
[10:33:40.799] [10:33:40.799] <<< CAN RX [STD] ID=0x000  Data: 00 00 00 00 00 00 00 00  (#1128)
[10:33:40.800] [10:33:40.800] <<< CAN RX [STD] ID=0x000  Data: 00 00 00 00 00 00 00 00  (#1129)
[10:33:40.801] [10:33:40.801] <<< CAN RX [STD] ID=0x000  Data: 00 00 00 00 00 00 00 00  (#1130)
[10:33:42.658] [10:33:42.657] <<< CAN RX [STD] ID=0x000  Data: 00 00 00 00 00 00 00 00  (#3349)
[10:33:42.659] [10:33:42.659] <<< CAN RX [STD] ID=0x000  Data: 00 00 00 00 00 00 00 00  (#3350)
[10:33:42.660] [10:33:42.659] <<< CAN RX [STD] ID=0x000  Data: 00 00 00 00 00 00 00 00  (#3351)
[10:33:42.660] [DIAG] _append_log rx_text约32行, CAN计数=3351
[10:33:42.661] [10:33:42.661] <<< CAN RX [STD] ID=0x000  Data: 00 00 00 00 00 00 00 00  (#3352)
[10:33:45.402] [10:33:45.402] <<< CAN RX [STD] ID=0x000  Data: 00 00 00 00 00 00 00 00  (#6767)
[10:33:45.403] [10:33:45.403] <<< CAN RX [STD] ID=0x000  Data: 00 00 00 00 00 00 00 00  (#6768)
[10:33:45.404] [10:33:45.404] <<< CAN RX [STD] ID=0x000  Data: 00 00 00 00 00 00 00 00  (#6769)
[10:33:45.405] [10:33:45.405] <<< CAN RX [STD] ID=0x000  Data: 00 00 00 00 00 00 00 00  (#6770)
[10:33:46.942] [10:33:46.942] <<< CAN RX [STD] ID=0x000  Data: 00 00 00 00 00 00 00 00  (#8648)
[10:33:46.943] [10:33:46.943] <<< CAN RX [STD] ID=0x000  Data: 00 00 00 00 00 00 00 00  (#8649)
[10:33:46.944] [10:33:46.944] <<< CAN RX [STD] ID=0x000  Data: 00 00 00 00 00 00 00 00  (#8650)
[10:33:46.945] [10:33:46.945] <<< CAN RX [STD] ID=0x000  Data: 00 00 00 00 00 00 00 00  (#8651)
[10:33:46.945] [DIAG] _append_log rx_text约41行, CAN计数=8651
[10:33:47.765] [10:33:47.765] <<< CAN RX [STD] ID=0x000  Data: 00 00 00 00 00 00 00 00  (#9676)
[10:33:47.766] [10:33:47.766] <<< CAN RX [STD] ID=0x000  Data: 00 00 00 00 00 00 00 00  (#9677)
[10:33:47.767] [10:33:47.767] <<< CAN RX [STD] ID=0x000  Data: 00 00 00 00 00 00 00 00  (#9678)
[10:33:47.768] [10:33:47.768] <<< CAN RX [STD] ID=0x000  Data: 00 00 00 00 00 00 00 00  (#9679)
[10:33:48.565] [DIAG-TIME] 包10565/52828: 写=897.8ms 等=6966.2ms 均写=85us/包 均等=659us/包
[10:33:51.372] [10:33:51.372] <<< CAN RX [STD] ID=0x000  Data: 00 00 00 00 00 00 00 00  (#14117)
[10:33:51.373] [10:33:51.373] <<< CAN RX [STD] ID=0x000  Data: 00 00 00 00 00 00 00 00  (#14118)
[10:33:51.374] [10:33:51.374] <<< CAN RX [STD] ID=0x000  Data: 00 00 00 00 00 00 00 00  (#14119)
[10:33:51.376] [10:33:51.376] <<< CAN RX [STD] ID=0x000  Data: 00 00 00 00 00 00 00 00  (#14120)
[10:33:57.197] [DIAG-TIME] 包21130/52828: 写=1781.9ms 等=13904.7ms 均写=84us/包 均等=658us/包
[10:33:57.868] [10:33:57.868] <<< CAN RX [STD] ID=0x000  Data: 00 00 00 00 00 00 00 00  (#22143)
[10:33:57.870] [10:33:57.870] <<< CAN RX [STD] ID=0x000  Data: 00 00 00 00 00 00 00 00  (#22144)
[10:33:57.871] [10:33:57.871] <<< CAN RX [STD] ID=0x000  Data: 00 00 00 00 00 00 00 00  (#22145)
[10:33:57.872] [10:33:57.872] <<< CAN RX [STD] ID=0x000  Data: 00 00 00 00 00 00 00 00  (#22146)
[10:34:01.005] [10:34:01.005] <<< CAN RX [STD] ID=0x000  Data: 00 00 00 00 00 00 00 00  (#26072)
[10:34:01.006] [10:34:01.006] <<< CAN RX [STD] ID=0x000  Data: 00 00 00 00 00 00 00 00  (#26073)
[10:34:01.007] [10:34:01.007] <<< CAN RX [STD] ID=0x000  Data: 00 00 00 00 00 00 00 00  (#26074)
[10:34:01.008] [10:34:01.008] <<< CAN RX [STD] ID=0x000  Data: 00 00 00 00 00 00 00 00  (#26075)
[10:34:05.664] [DIAG-TIME] 包31695/52828: 写=2663.3ms 等=20769.0ms 均写=84us/包 均等=655us/包
[10:34:05.881] [10:34:05.881] <<< CAN RX [STD] ID=0x000  Data: 00 00 00 00 00 00 00 00  (#32220)
[10:34:05.882] [10:34:05.882] <<< CAN RX [STD] ID=0x000  Data: 00 00 00 00 00 00 00 00  (#32221)
[10:34:05.884] [10:34:05.884] <<< CAN RX [STD] ID=0x000  Data: 00 00 00 00 00 00 00 00  (#32222)
[10:34:05.885] [10:34:05.885] <<< CAN RX [STD] ID=0x000  Data: 00 00 00 00 00 00 00 00  (#32223)
[10:34:10.786] [10:34:10.786] <<< CAN RX [STD] ID=0x000  Data: 00 00 00 00 00 00 00 00  (#38368)
[10:34:10.787] [10:34:10.787] <<< CAN RX [STD] ID=0x000  Data: 00 00 00 00 00 00 00 00  (#38369)
[10:34:10.788] [10:34:10.788] <<< CAN RX [STD] ID=0x000  Data: 00 00 00 00 00 00 00 00  (#38370)
[10:34:10.789] [10:34:10.788] <<< CAN RX [STD] ID=0x000  Data: 00 00 00 00 00 00 00 00  (#38371)
[10:34:11.597] [10:34:11.597] <<< CAN RX [STD] ID=0x000  Data: 00 00 00 00 00 00 00 00  (#39396)
[10:34:11.598] [10:34:11.598] <<< CAN RX [STD] ID=0x000  Data: 00 00 00 00 00 00 00 00  (#39397)
[10:34:11.599] [10:34:11.599] <<< CAN RX [STD] ID=0x000  Data: 00 00 00 00 00 00 00 00  (#39398)
[10:34:11.600] [10:34:11.599] <<< CAN RX [STD] ID=0x000  Data: 00 00 00 00 00 00 00 00  (#39399)
[10:34:14.150] [DIAG-TIME] 包42260/52828: 写=3543.3ms 等=27607.2ms 均写=84us/包 均等=653us/包
[10:34:14.465] [10:34:14.465] <<< CAN RX [STD] ID=0x000  Data: 00 00 00 00 00 00 00 00  (#42984)
[10:34:14.466] [10:34:14.466] <<< CAN RX [STD] ID=0x000  Data: 00 00 00 00 00 00 00 00  (#42985)
[10:34:14.467] [10:34:14.467] <<< CAN RX [STD] ID=0x000  Data: 00 00 00 00 00 00 00 00  (#42986)
[10:34:14.468] [10:34:14.468] <<< CAN RX [STD] ID=0x000  Data: 00 00 00 00 00 00 00 00  (#42987)
[10:34:15.408] [10:34:15.408] <<< CAN RX [STD] ID=0x000  Data: 00 00 00 00 00 00 00 00  (#44183)
[10:34:15.410] [10:34:15.409] <<< CAN RX [STD] ID=0x000  Data: 00 00 00 00 00 00 00 00  (#44184)
[10:34:15.411] [10:34:15.410] <<< CAN RX [STD] ID=0x000  Data: 00 00 00 00 00 00 00 00  (#44185)
[10:34:15.411] [10:34:15.411] <<< CAN RX [STD] ID=0x000  Data: 00 00 00 00 00 00 00 00  (#44186)
[10:34:18.784] [10:34:18.784] <<< CAN RX [STD] ID=0x000  Data: 00 00 00 00 00 00 00 00  (#48453)
[10:34:18.785] [10:34:18.785] <<< CAN RX [STD] ID=0x000  Data: 00 00 00 00 00 00 00 00  (#48454)
[10:34:18.786] [10:34:18.786] <<< CAN RX [STD] ID=0x000  Data: 00 00 00 00 00 00 00 00  (#48455)
[10:34:18.787] [10:34:18.786] <<< CAN RX [STD] ID=0x000  Data: 00 00 00 00 00 00 00 00  (#48456)
[10:34:22.657] [DIAG-TIME] 包52825/52828: 写=4422.2ms 等=34442.9ms 均写=84us/包 均等=652us/包
[10:34:22.875] [传输] 完成, 耗时43.0s
[10:34:22.876] [4/4] 校验...
[10:34:22.933] [10:34:22.929] >>> CAN TX [EXT] ID=0x05E001FF  Data: 03 0E 74 FF FF FF FF FF  (#16)
[10:34:22.934] [10:34:22.934] <<< CAN RX [EXT] ID=0x14E8FF01  Data: 00 FF FF FF FF FF FF FF  (#53514)
[10:34:22.936] [升级] 升级成功!
[10:34:22.939] [升级] 发送BOOT跳转APP命令...
[10:34:22.939] [BOOT跳转] 发送跳转APP命令 (PF=0xE1, cmd=0x02)...
[10:34:22.941] [10:34:22.940] >>> CAN TX [EXT] ID=0x05E101FF  Data: 02 FF FF FF FF FF FF FF  (#17)
[10:34:22.941] ========================================

============================================================
[10:35:54.450] USB_Tool 启动
============================================================
[10:35:58.874] [固件] 加载 pyenc.qiteng456_6.2.17r8_0425.bin, 369792 字节, CRC=0x740E
[10:36:00.087] ========================================
[10:36:00.088] [升级] 开始...
[10:36:00.091] [0/4] 发送APP复位命令 (PF=0xE1, cmd=0x01)...
[10:36:00.092] [APP复位] 发送APP复位命令 (PF=0xE1, cmd=0x01)...
[10:36:00.097] [10:36:00.096] >>> CAN TX [EXT] ID=0x05E101FF  Data: 01 FF FF FF FF FF FF FF  (#1)
[10:36:00.200] [1/4] 发送前导码...
[10:36:00.201] [10:36:00.200] >>> CAN TX [STD] ID=0x781  Data: 23 00 45 00 00 00 00 00  (#2)
[10:36:00.203] [10:36:00.203] >>> CAN TX [STD] ID=0x781  Data: 00 00 00 00 00 00 00 00  (#3)
[10:36:00.204] [10:36:00.204] >>> CAN TX [STD] ID=0x781  Data: 00 00 00 00 00 00 00 00  (#4)
[10:36:00.205] [10:36:00.204] >>> CAN TX [STD] ID=0x781  Data: 00 00 00 00 00 00 00 00  (#5)
[10:36:00.206] [10:36:00.205] >>> CAN TX [STD] ID=0x781  Data: 00 00 00 00 00 00 00 00  (#6)
[10:36:00.206] [10:36:00.206] >>> CAN TX [STD] ID=0x781  Data: 00 00 00 00 00 00 00 00  (#7)
[10:36:00.207] [10:36:00.206] >>> CAN TX [STD] ID=0x781  Data: 00 00 00 00 00 00 00 00  (#8)
[10:36:00.207] [10:36:00.207] >>> CAN TX [STD] ID=0x781  Data: 00 00 00 00 00 00 00 00  (#9)
[10:36:00.208] [10:36:00.207] >>> CAN TX [STD] ID=0x781  Data: CA 00 00 00 00 00 00 00  (#10)
[10:36:00.208] [1/4] 前导码已发送
[10:36:00.208] [2/4] 发送编程请求 (轮询等待设备)...
[10:36:00.211] [10:36:00.209] >>> CAN TX [EXT] ID=0x05E001FF  Data: 02 84 A4 05 00 FF FF FF  (#11)
[10:36:00.717] [10:36:00.714] >>> CAN TX [EXT] ID=0x05E001FF  Data: 02 84 A4 05 00 FF FF FF  (#12)
[10:36:01.221] [10:36:01.220] >>> CAN TX [EXT] ID=0x05E001FF  Data: 02 84 A4 05 00 FF FF FF  (#13)
[10:36:01.729] [10:36:01.727] >>> CAN TX [EXT] ID=0x05E001FF  Data: 02 84 A4 05 00 FF FF FF  (#14)
[10:36:02.235] [10:36:02.235] >>> CAN TX [EXT] ID=0x05E001FF  Data: 02 84 A4 05 00 FF FF FF  (#15)
[10:36:02.660] [2/4] 设备已准备
[10:36:02.661] [10:36:02.660] <<< CAN RX [EXT] ID=0x14E8FF01  Data: 00 FF FF FF FF FF FF FF  (#1)
[10:36:02.662] [DIAG] _append_log rx_text约17行, CAN计数=1
[10:36:02.664] [3/4] 传输固件...
[10:36:02.665] [10:36:02.665] <<< CAN RX [EXT] ID=0x14E8FF01  Data: 00 FF FF FF FF FF FF FF  (#2)
[10:36:02.669] [10:36:02.668] <<< CAN RX [EXT] ID=0x14E8FF01  Data: 00 FF FF FF FF FF FF FF  (#3)
[10:36:02.669] [传输] 369792 字节, 362 块, 52828 包
[10:36:02.670] [10:36:02.670] <<< CAN RX [EXT] ID=0x14E8FF01  Data: 00 FF FF FF FF FF FF FF  (#4)
[10:36:02.671] [10:36:02.671] <<< CAN RX [EXT] ID=0x14E8FF01  Data: 00 FF FF FF FF FF FF FF  (#5)
[10:36:11.073] [DIAG-TIME] 包10565/52828: 写=861.9ms 等=6791.9ms 均写=82us/包 均等=643us/包
[10:36:20.176] [DIAG-TIME] 包21130/52828: 写=1768.5ms 等=13870.2ms 均写=84us/包 均等=656us/包
[10:36:28.556] [DIAG-TIME] 包31695/52828: 写=2644.9ms 等=20661.9ms 均写=83us/包 均等=652us/包
[10:36:37.032] [DIAG-TIME] 包42260/52828: 写=3507.3ms 等=27499.2ms 均写=83us/包 均等=651us/包
[10:36:45.465] [DIAG-TIME] 包52825/52828: 写=4357.3ms 等=34304.3ms 均写=82us/包 均等=649us/包
[10:36:45.681] [传输] 完成, 耗时43.0s
[10:36:45.683] [4/4] 校验...
[10:36:45.741] [10:36:45.735] >>> CAN TX [EXT] ID=0x05E001FF  Data: 03 0E 74 FF FF FF FF FF  (#16)
[10:36:45.743] [10:36:45.743] <<< CAN RX [EXT] ID=0x14E8FF01  Data: 00 FF FF FF FF FF FF FF  (#53454)
[10:36:45.745] [升级] 升级成功!
[10:36:45.746] [升级] 发送BOOT跳转APP命令...
[10:36:45.746] [BOOT跳转] 发送跳转APP命令 (PF=0xE1, cmd=0x02)...
[10:36:45.751] [10:36:45.750] >>> CAN TX [EXT] ID=0x05E101FF  Data: 02 FF FF FF FF FF FF FF  (#17)
[10:36:45.752] ========================================

============================================================
[17:55:08.714] USB_Tool 启动
============================================================
[17:55:39.307] >>> CAN TX [EXT] ID=0x18FFA0E2  Data: DE AD BE EF CA FE BA BE  (#1)
